[{"model": "administration.caroussel", "pk": 1, "fields": {"titre": "ASSURANCE AUTO", "contenu": "Votre sécurité est notre priorité absolue sur la route. Avec notre assurance automobile, vous bénéficiez d'une protection fiable et d'un service attentionné à chaque étape,", "path": "img/carousel_auto.jpg", "lien": "http://127.0.0.1:8000/produits/1/", "created_at": "2024-05-14T00:00:00Z", "updated_at": "2025-08-23T15:31:41Z", "creator": "KOUAKOU Ulrich"}}, {"model": "administration.caroussel", "pk": 2, "fields": {"titre": "JOKER BAILLEUR", "contenu": "", "path": "img/carousel_joker.jpg", "lien": "http://127.0.0.1:8000/produits/10/", "created_at": "2024-05-14T00:00:00Z", "updated_at": "2025-08-23T15:32:38Z", "creator": "KOUAKOU Ulrich"}}, {"model": "administration.caroussel", "pk": 3, "fields": {"titre": "SAAR TAKAFUL", "contenu": "Protégez votre avenir avec SAAR TAKAFUL, une assurance conforme aux principes islamiques,", "path": "img/carousel_takaful.jpg", "lien": "http://127.0.0.1:8000/produits/9/", "created_at": "2024-05-14T00:00:00Z", "updated_at": "2024-05-14T18:43:34Z", "creator": "KOUAKOU Ulrich"}}, {"model": "administration.caroussel", "pk": 4, "fields": {"titre": "SAARBot", "contenu": "Votre assistant virtuel de SAAR Assurances Côte d'Ivoire, disponible 24h/24 pour répondre instantanément à toutes vos questions sur notre site web.", "path": "img/be-your-creative-virtual-assistant_X3E6rCM.jpg", "lien": "http://127.0.0.1:8000/carousels/chatbot/", "created_at": "2024-08-26T16:12:51.223Z", "updated_at": "2024-08-26T16:12:37Z", "creator": "Richmond YEBOUET"}}, {"model": "administration.actualite", "pk": 1, "fields": {"titre": "Fête du travail", "contenu": "Ce mercredi 1er Mai s'est tenue, à l'hotel FAMILLE MONDIALE, la célébration de la fête du travail réunissant tous les employés de la SAAR Côte d'Ivoire.", "date_publication": "2024-05-02", "path": "img/actualite-1.jpeg"}}, {"model": "administration.actualite", "pk": 2, "fields": {"titre": "Séance de travail Inspirante !", "contenu": "Du 08 au 10 Mars, la Société Africaine d’Assurances et de Réassurances de Côte d’Ivoire (SAAR CI) a organisé une séance de travail à Cannan Hills, Yamouskro. Dans un cadre professionnel empreint de sérieux et de rigueur, ces journées ont été marquées par une intense réflexion sur l'avenir de l'assurance.", "date_publication": "2024-03-13", "path": "img/actualite-2.jpeg"}}, {"model": "administration.actualite", "pk": 3, "fields": {"titre": "Déjeuner de présentation de SAAR TAKAFUL", "contenu": "Ce samedi 07 Octobre, nous avons organisé avec le Club des Hommes d'affaires musulmans de Côte d'Ivoire CHAMCI, un déjeuner de présentation de nos offres SAAR_TAKAFUL, notre gamme de produits d'assurance conforme à la Sharia.", "date_publication": "2023-10-08", "path": "img/actualite-3.jpeg"}}, {"model": "administration.categorie", "pk": 1, "fields": {"libelle": "Non-Vie", "created_at": "2025-08-20T17:42:46.755Z", "updated_at": "2025-08-20T17:42:41Z", "creator": "KOUAKOU Ulrich"}}, {"model": "administration.categorie", "pk": 2, "fields": {"libelle": "Vie", "created_at": "2025-08-20T17:43:05.435Z", "updated_at": "2025-08-20T17:42:55Z", "creator": "KOUAKOU Ulrich"}}, {"model": "administration.categorie", "pk": 3, "fields": {"libelle": "TAKAFUL", "created_at": "2025-08-22T16:57:46.279Z", "updated_at": "2025-08-22T16:57:43Z", "creator": "KOUAKOU Ulrich"}}, {"model": "administration.produit", "pk": 1, "fields": {"slug": "assurance-automobile", "titre": "Assurance Automobile", "contenu": "Votre sécurité est notre priorité absolue sur la route. Avec notre assurance automobile, vous bénéficiez d'une protection fiable et d'un service attentionné à chaque étape. <strong>Assurance moto</strong> : À partir de 10 000 FCFA par Année. <strong>A NOTER :</strong> Les primes ne sont pas fixes, la prime à payer dépendra de l'usage de votre véhicule, de l'énergie et de la puissance ou le tonnage.", "path": "img/assurance_auto.jpg", "created_at": "2024-05-15T13:39:08.540Z", "updated_at": "2024-05-15T13:39:03Z", "creator": "KOUAKOU Ulrich", "categorie": 1, "is_visible": false, "slogan": "Protection complète pour votre véhicule avec SAAR Assurances"}}, {"model": "administration.produit", "pk": 2, "fields": {"slug": "assurance-sante", "titre": "Assurance Santé", "contenu": "SAAR SANTÉ est une solution complète qui compile trois risques essentiels : maladie, assistance et évacuation sanitaire. Ce produit \"3 en 1\" offre une flexibilité totale selon le choix du client, avec des couvertures santé adaptées à votre profil, budget et besoins spécifiques.", "path": "img/thumbnail_sante.jpg", "created_at": "2024-05-15T13:40:33.770Z", "updated_at": "2024-07-29T16:22:21Z", "creator": "KOUAKOU Ulrich", "categorie": 1, "is_visible": false, "slogan": "3 en 1 pour votre bien-être - Maladie, Assistance, Évacuation sanitaire"}}, {"model": "administration.produit", "pk": 3, "fields": {"slug": "individuelle-accidents", "titre": "Individuelle Accidents", "contenu": "Protégez votre famille et vous-même en optant pour l'assurance Individuelle Accidents de SAAR Assurances Côte d'Ivoire. Cette couverture complète inclut la protection contre les risques de décès, d'invalidité permanente et les frais médicaux, assurant le versement d'un capital préalablement choisi.", "path": "img/individuel_accident.jpg", "created_at": "2024-05-15T13:42:50.646Z", "updated_at": "2024-05-15T13:42:47Z", "creator": "KOUAKOU Ulrich", "categorie": 1, "is_visible": false, "slogan": "SAAR Individuelle Accident : Votre bouclier personnel contre les aléas de la vie"}}, {"model": "administration.produit", "pk": 4, "fields": {"slug": "assurance-voyage", "titre": "Assurance Voyage", "contenu": "SAAR Assistance Voyage est une assurance complète destinée aux voyageurs recherchant une protection fiable lors de leurs déplacements vers les pays de l'espace Schengen ou ailleurs dans le monde.", "path": "img/assurance_voyage_2.png", "created_at": "2024-05-15T13:44:26.117Z", "updated_at": "2024-05-15T13:44:23Z", "creator": "KOUAKOU Ulrich", "categorie": 1, "is_visible": false, "slogan": "Voyagez tranquille avec SAAR"}}, {"model": "administration.produit", "pk": 5, "fields": {"slug": "assurance-habitation", "titre": "Assurance Habitation", "contenu": "L'Assurance Habitation de SAAR assure la protection complète de votre domicile et de vos biens contre les dommages matériels ou corporels causés par divers sinistres. Cette assurance multirisque habitation offre une couverture étendue adaptée aux propriétaires comme aux locataires.", "path": "img/assurance_habita.jpg", "created_at": "2024-05-15T13:45:45.816Z", "updated_at": "2024-05-15T13:45:43Z", "creator": "KOUAKOU Ulrich", "categorie": 1, "is_visible": false, "slogan": "Votre foyer protégé, votre tranquillité préservée"}}, {"model": "administration.produit", "pk": 6, "fields": {"slug": "assurance-transport", "titre": "Assurance Transport", "contenu": "L'Assurance Transport de SAAR est une couverture indispensable pour toute entreprise impliquée dans l'importation et/ou l'exportation de biens. Elle offre une protection complète contre les risques lors des voyages par mer, air ou terre.", "path": "img/assurance_transport.jpg", "created_at": "2024-05-15T13:47:24.398Z", "updated_at": "2024-05-15T13:47:22Z", "creator": "KOUAKOU Ulrich", "categorie": 1, "is_visible": false, "slogan": "Avec SAAR Transport, vos biens voyagent en sécurité de l'expéditeur au destinataire"}}, {"model": "administration.produit", "pk": 7, "fields": {"slug": "assurance-caution", "titre": "Assurance Caution", "contenu": "Avec la Caution SAAR, j'optimise ma trésorerie. Les cautions comportent des risques liés à la défaillance du client. A la Saar, l'obtention d'une caution est basée sur une analyse minutieuse des capacités techniques, organisationnelles et financières des demandeurs.", "path": "img/assurance_caution.jpg", "created_at": "2024-05-15T13:50:08.269Z", "updated_at": "2024-05-15T13:49:53Z", "creator": "KOUAKOU Ulrich", "categorie": 1, "is_visible": false, "slogan": "CAUTION SAAR : Optimisez votre trésorerie, sécurisez vos engagements"}}, {"model": "administration.produit", "pk": 9, "fields": {"slug": "assurances-takaful", "titre": "Assurances Takaful", "contenu": "SAAR TAKAFUL est la fenêtre d'assurance islamique du Groupe SAAR ASSURANCES. C'est un système assurantiel basé sur les principes de la SHARIA ISLAMIQUE (Fiqh mohamalat). L'assurance islamique est matérialisée par la solidarité et l'entraide entre un groupe de personnes physiques ou morales en vue de se prémunir contre les aléas de la vie.", "path": "img/assurance_halal.jpg", "created_at": "2024-05-15T13:53:22.804Z", "updated_at": "2024-05-15T13:53:20Z", "creator": "KOUAKOU Ulrich", "categorie": 3, "is_visible": false, "slogan": "Protection complète pour votre véhicule avec SAAR Assurances"}}, {"model": "administration.produit", "pk": 10, "fields": {"slug": "assurance-loyers-impayes", "titre": "Assurance Loyers Impayés", "contenu": "Il s'agit d'un produit d'assurance qui permet de garantir au bailleur le revenu escompté en cas de défaillance de son locataire.", "path": "img/assurance_loyers_impayes.jpg", "created_at": "2024-06-10T12:56:59.689Z", "updated_at": "2024-06-10T12:56:46Z", "creator": "KOUAKOU Ulrich", "categorie": 1, "is_visible": true, "slogan": "Propriétaires sereins avec SAAR : vos loyers garantis, vos biens protégés"}}, {"model": "administration.produit", "pk": 11, "fields": {"slug": "as-millenium", "titre": "As Millenium", "contenu": "Vous souhaitez que votre enfant fréquente dans quelques années les meilleures universités pour lui garantir un avenir meilleur. Le contrat AS MILLENIUM offre une garantie en cas de vie en terme du contrat, en cas de Décès, en cas de Décès Rente.", "path": "img/AS_MILLENIUM_xD7roLe.jpg", "created_at": "2025-08-22T16:33:44.981Z", "updated_at": "2025-08-22T16:33:37Z", "creator": "KOUAKOU Ulrich", "categorie": 2, "is_visible": true, "slogan": "Investissez aujourd'hui dans l'avenir de votre enfant"}}, {"model": "administration.produit", "pk": 12, "fields": {"slug": "saar-nansou", "titre": "Saar Nansou", "contenu": "La SAAR met à votre disposition un produit de prévoyance qui couvre votre proche (parents, enfant, oncle, tante, tuteur, etc…) toute la vie. En effet, quelque soit la date de décès du parent (après 10 mois à compter de la souscripteur), vous êtes certains de pouvoir l’accompagner dignement dans sa dernière demeure et ce, quelque soit votre situation financière.", "path": "img/SAAR_NANSOUs_6Fy9G97.jpg", "created_at": "2025-08-22T16:37:02.239Z", "updated_at": "2025-08-22T16:36:55Z", "creator": "KOUAKOU Ulrich", "categorie": 2, "is_visible": true, "slogan": "Avec SAAR NANSOU, garantissez des obsèques dignes à vos proches toute leur vie"}}, {"model": "administration.produit", "pk": 13, "fields": {"slug": "lakanan-sante", "titre": "Lakanan Santé", "contenu": "La santé des personnes du 3ième âge est une très grande problématique sur nos marchés africains. En effet, les personnes âgées sont presque ou pas du tout assurées lors de leur départ à la retraite. D’autant plus que l’assurance maladie Classique est globalement déficitaire. SAAR CI & SAAR VIE souhaitent ardemment y apporter une alternative.", "path": "img/lakanan_sante.jpeg", "created_at": "2025-08-22T16:46:36.680Z", "updated_at": "2025-08-22T16:42:16Z", "creator": "KOUAKOU Ulrich", "categorie": 2, "is_visible": true, "slogan": "Préparez votre retraite en sécurisant votre santé avec LAKANAN ÉPARGNE SANTÉ"}}, {"model": "administration.produit", "pk": 14, "fields": {"slug": "saar-kinnin-ya", "titre": "Saar Kinnin Ya", "contenu": "La SAAR met a votre disposition un produit SANTE vous permettant de de couvrir vos soins et ce sur presque toute l’étendue du territoire par un vaste réseau de soins. Toute personne ou toute entreprise peuvent souscrire à ce contrat.", "path": "img/KINNINYA_FAMILLEs_iYiIGkO.jpg", "created_at": "2025-08-22T16:55:00.522Z", "updated_at": "2025-08-22T16:54:56Z", "creator": "KOUAKOU Ulrich", "categorie": 1, "is_visible": true, "slogan": "SAAR KINNIN YA : Votre santé connectée, votre sérénité assurée"}}, {"model": "administration.produit", "pk": 15, "fields": {"slug": "soutrali-auto", "titre": "Soutrali Auto", "contenu": "Il s'agit d'un produit d'assurance mini «TOUS RISQUES » pour tous les véhicules, y compris âgés de plus de 5 ans. Cette garantie couvre : La réparation de votre véhicule entre 750.000 FCFA et 5.500.000 FCFA, le remorquage du véhicule du lieu de l’accident au garage agréé le plus proche, une assistance immobilisation jusqu'à 7 (Sept jours)", "path": "img/SOUTRALI_AUTOs.jpg", "created_at": "2025-08-22T16:57:16.580Z", "updated_at": "2025-08-22T16:57:11Z", "creator": "KOUAKOU Ulrich", "categorie": 1, "is_visible": true, "slogan": "Assurance Tout risque pour véhicule d’occasion"}}, {"model": "administration.detailproduit", "pk": 2, "fields": {"produit": 1, "contenu": "Découvrez nos solutions d'assurance automobile adaptées à tous vos besoins. De la couverture de base aux garanties les plus complètes, protégez votre véhicule et vos proches.", "path": "img/assurance_auto_vhhhsJ4.jpg", "qui": "Toute personne ou toute entreprise pour son parc automobile.", "pourquoi": "", "comment": "La prime d'assurance est fonction de la valeur vénale du véhicule et du capital assistance choisie. Pour souscrire ou en savoir plus, contactez-nous.", "que_faire": "Établissez un constat, documentez les dommages et déclarez dans les 5 jours ouvrés.", "autre": "", "created_at": "2025-08-27T20:01:38.464Z", "updated_at": "2025-08-27T19:58:37Z", "creator": "KOUAKOU Ulrich"}}, {"model": "administration.detailproduit", "pk": 3, "fields": {"produit": 10, "contenu": "JOKER BAILLEUR est une solution souscrite par tout bailleur, qui garantit le paiement des loyers impayés pendant 12 mois, les détériorations immobilières, les dommages en cas d'incendie et les frais de procédure amiable et contentieuse.", "path": "img/assurance_loyers_impayes_Ca2MAiI.jpg", "qui": "Toute personne propriétaire et/ou gestionnaire de biens immobiliers à usage d’habitation.", "pourquoi": "JOKER BAILLEUR est une solution qui garantit non seulement les revenus locatifs, mais également assure la pérennité du bien du bailleur en prenant en charge les dommages physiques que celui-ci peut subir.\r\n\r\nEn pratique, lorsqu'un promoteur immobilier s'engage dans les constructions de logements à but locatifs, il compte sur les loyers à percevoir pour faire face à ses multiples engagements et donc il encourt un risque d'insolvabilité en cas de non règlement du loyer par le locataire.", "comment": "Il suffit de remplir le questionnaire conçu à cet effet et fournir les informations demandées pour obtenir une cotation auprès de n'importe quel bureau SAAR ASSURANCES en Côte d'Ivoire. La prime d’assurance est fonction du loyer annuel. Pour souscrire ou en savoir plus, <strong>contactez nous</strong>.", "que_faire": "", "autre": "", "created_at": "2025-08-29T15:27:32.311Z", "updated_at": "2025-08-29T15:27:25Z", "creator": "KOUAKOU Ulrich"}}, {"model": "administration.detailproduit", "pk": 4, "fields": {"produit": 13, "contenu": "La santé des personnes du 3ième âge est une très grande problématique sur nos marchés africains. En effet, les personnes âgées sont presque ou pas du tout assurées lors de leur départ à la retraite. D’autant plus que l’assurance maladie Classique est globalement déficitaire. SAAR VIE CI souhaitent ardemment y apporter une alternative.", "path": "", "qui": "<ul>\r\n<li>Personnes jusqu'à 40 ans (20 ans de cotisation)</li>\r\n<li>Personnes jusqu'à 45 ans (15 ans de cotisation)</li>\r\n<li>Personnes jusqu'à 50 ans (10 ans de cotisation)</li>\r\n<li>Actifs souhaitant préparer leur couverture santé post-retraite.</li>\r\n</ul>", "pourquoi": "<span><strong>Le problème résolu</strong></span>\r\n<ul>\r\n<li>Les retraités ont des revenus réduits mais des besoins de santé accrus</li> \r\n<li>L'assurance maladie classique est généralement déficitaire pour cette tranche d'âge</li> \r\n<li>les pathologies du 3ème âge (hypertension, diabète, troubles musculosquelettiques) nécessitent des soins coûteux.</li>\r\n</ul>\r\n\r\n<span><strong>Les avantages :</strong></span>\r\n<ul>\r\n<li><strong>Financement anticipé :</strong> Épargne progressive pendant la vie active</li> \r\n<li><strong>Couverture garantie :</strong> 80% de remboursement dès la retraite</li> \r\n<li><strong>Durée étendue :</strong> Jusqu'à 15 ans après le départ à la retraite</li>\r\n<li><strong>Réseau de soins large :</strong> Option internationale disponible</li>\r\n<li><strong>Services additionnels :</strong> Suivi médical préventif et conseils santé</li>\r\n</ul>", "comment": "<ol>\r\n<li>Souscrire d'abord un contrat d'épargne chez SAAR VIE</li>\r\n<li>Cotiser mensuellement selon l'âge et la durée choisie</li>\r\n<li>Recevoir une attestation d'éligibilité</li>\r\n<li>À la retraite : activation automatique de l'assurance santé chez SAAR CI.</li>\r\n</ol>", "que_faire": "Contactez les services SAAR Vie CI pour une prise en charge rapide.", "autre": "<span><strong>Primes mensuelles selon l'âge (exemples pour 15 ans de couverture) :</strong></span>\r\n<ul>\r\n<li><strong>Jusqu'à 40 ans : </strong>82 000 FCFA/mois (Classique) - 231 000 FCFA/mois (Premium)</li>\r\n<li><strong>Jusqu'à 45 ans : </strong>120 000 FCFA/mois (Classique) - 337 000 FCFA/mois (Premium)</li>\r\n<li><strong>Jusqu'à 50 ans : </strong>195 000 FCFA/mois (Classique) - 554 000 FCFA/mois (Premium)</li>\r\n</ul>", "created_at": "2025-09-05T18:22:46.317Z", "updated_at": "2025-09-05T18:22:43Z", "creator": "KOUAKOU Ulrich"}}, {"model": "administration.detailproduit", "pk": 5, "fields": {"produit": 15, "contenu": "Il s'agit d'un produit d'assurance <strong>mini «TOUS RISQUES »</strong> pour tous les véhicules, y compris âgés de plus de 5 ans.", "path": "", "qui": "Toute personne ou toute entreprise pour son parc Automobile.", "pourquoi": "La prime d’assurance est fonction de la valeur vénale du véhicule et du capital assistance choisie. Pour souscrire ou en savoir plus, <strong>contactez nous</strong>.", "comment": "", "que_faire": "", "autre": "", "created_at": "2025-09-09T13:52:24.398Z", "updated_at": "2025-09-09T13:52:16Z", "creator": "KOUAKOU Ulrich"}}, {"model": "administration.detailproduit", "pk": 6, "fields": {"produit": 14, "contenu": "SAAR KINNIN YA est un produit d'assurance santé moderne qui permet de couvrir vos soins sur presque toute l'étendue du territoire par un vaste réseau de soins.", "path": "", "qui": "<ul>\r\n<li><strong>Particuliers</strong> (couverture individuelle)</li>\r\n<li><strong>Entreprises</strong> (pour leurs employés)</li>\r\n<li><strong>Familles</strong> (forfaits familiaux disponibles)</li>\r\n</ul>\r\n<span><strong>TARIFICATION</strong></span>\r\n<ul>\r\n<li><strong>À partir de 87 000 FCFA par an</strong> pour un individu</li>\r\n<li><strong>208 000 FCFA par an</strong> pour une famille de 5 personnes</li>\r\n</ul>", "pourquoi": "<span><strong>Innovation digitale :</strong></span>\r\n<ul>\r\n<li><strong>Application mobile</strong> pour suivre votre consommation en temps réel</li>\r\n<li><strong>Carte de santé physique</strong> traditionnelle</li>\r\n<li><strong>Carte virtuelle</strong> permettant d'effectuer vos dépenses santé en cas d'oubli de votre carte physique</li>\r\n</ul>\r\n<span><strong>Réseau de soins étendu :</strong></span>\r\n<ul>\r\n<li>Réseau d'<strong>hôpitaux et pharmacies</strong> sur toute l'étendue du territoire ivoirien</li>\r\n<li>Couverture géographique large pour faciliter l'accès aux soins</li>\r\n</ul>\r\n<span><strong>Protection supplémentaire :</strong></span>\r\n<ul>\r\n<li><strong>Capital garanti en cas de décès</strong> de l'assuré</li>\r\n</ul>", "comment": "<span>La prime d'assurance varie selon :</span>\r\n<ul>\r\n<li>Le pourcentage de couverture choisi</li>\r\n<li>Le plafond de consommation souhaité</li>\r\n<li>Le type de couverture (individuelle ou familiale)</li>\r\n</ul>", "que_faire": "", "autre": "", "created_at": "2025-09-09T14:11:32.323Z", "updated_at": "2025-09-09T14:10:44Z", "creator": "KOUAKOU Ulrich"}}, {"model": "administration.detailproduit", "pk": 7, "fields": {"produit": 11, "contenu": "AS MILLENNIUM est une assurance éducation destinée aux parents qui souhaitent que leur enfant fréquente dans quelques années les meilleures universités pour lui garantir un avenir meilleur.", "path": "", "qui": "<ul>\r\n<li><strong>Parents</strong> souhaitant constituer une épargne pour l'éducation de leurs enfants</li>\r\n<li><strong>Tuteurs légaux</strong> d'enfants</li>\r\n<li>Toute personne souhaitant investir dans l'éducation d'un bénéficiaire</li>\r\n</ul>", "pourquoi": "<ul>\r\n<li><strong>Planification éducative :</strong> Constituer un capital pour financer les études supérieures</li>\r\n<li><strong>Protection familiale :</strong> Garantie du projet éducatif même en cas de décès du parent</li>\r\n<li><strong>Sécurité financière :</strong> Capital garanti pour les frais d'obsèques</li>\r\n<li><strong>Flexibilité :</strong> Choix entre capital ou rente au terme</li>\r\n</ul>", "comment": "", "que_faire": "", "autre": "", "created_at": "2025-09-09T18:06:16.439Z", "updated_at": "2025-09-09T18:06:12Z", "creator": "KOUAKOU Ulrich"}}, {"model": "administration.detailproduit", "pk": 8, "fields": {"produit": 4, "contenu": "SAAR Assistance Voyage est une assurance complète destinée aux voyageurs recherchant une protection fiable lors de leurs déplacements vers les pays de l'espace Schengen ou ailleurs dans le monde.", "path": "", "qui": "Toute personne physique ou morale.", "pourquoi": "<ul>\r\n<li><strong>Conformité Schengen :</strong> Répond aux exigences d'assurance voyage pour l'espace Schengen</li>\r\n<li><strong>Couverture mondiale :</strong> Protection dans tous les pays</li>\r\n<li><strong>Assistance 24h/24 :</strong> Support permanent pendant le voyage</li>\r\n<li><strong>Sérénité totale :</strong> Voyagez l'esprit tranquille avec une protection complète</li>\r\n</ul>", "comment": "<ol>\r\n<li>Se rendre dans n'importe quel bureau <strong>SAAR Assurances</strong> en Côte d'Ivoire</li>\r\n<li>Fournir votre <strong>passeport</strong></li>\r\n<li>Compléter les <strong>informations demandées</strong></li>\r\n<li>Obtenir une <strong>cotation personnalisée</strong></li>\r\n</ol>", "que_faire": "", "autre": "", "created_at": "2025-09-09T19:05:37.045Z", "updated_at": "2025-09-09T19:05:33Z", "creator": "KOUAKOU Ulrich"}}, {"model": "administration.detailproduit", "pk": 9, "fields": {"produit": 12, "contenu": "La SAAR met à votre disposition un produit de prévoyance qui couvre votre proche (parents, enfant, oncle, tante, tuteur, etc…) toute la vie. En effet, quelque soit la date de décès du parent (après 10 mois à compter de la souscription), vous êtes certains de pouvoir l’accompagner dignement dans sa dernière demeure et ce, quelque soit votre situation financière.", "path": "", "qui": "<ul>\r\n<li>Toute personne souhaitant protéger ses proches</li>\r\n<li>Familles voulant se prémunir contre les aléas financiers</li>\r\n<li>Personnes responsables de parents âgés ou de proches vulnérables</li>\r\n</ul>", "pourquoi": "<ul>\r\n<li><strong>Respect des traditions :</strong> Honorer la coutume africaine d'accompagnement des défunts</li>\r\n<li><strong>Sécurité financière :</strong> Garantie indépendante de votre situation économique future</li>\r\n<li><strong>Tranquillité d'esprit :</strong> Assurance de pouvoir organiser des obsèques dignes</li>\r\n<li><strong>Protection familiale :</strong> Éviter le fardeau financier aux moments de vulnérabilité</li>\r\n<li><strong>Couverture permanente :</strong> Protection à vie après la période de carence</li>\r\n</ul>", "comment": "<ul>\r\n<li>Contacter SAAR Assurances pour définir le capital souhaité</li>\r\n<li>Désigner le ou les bénéficiaires à couvrir</li>\r\n<li>Souscrire avec paiement mensuel de la prime</li>\r\n</ul>\r\n<span><strong>Tarification :</strong></span>\r\n<ul>\r\n<li>À partir de <strong>4 146 FCFA</strong> par mois</li>\r\n<li>Prime fixe mensuelle pour une tranquillité d'esprit permanente</li>\r\n</ul>\r\n<span><strong>Délai de Carence :</strong></span>\r\n<ul>\r\n<li><strong>10 mois</strong> à compter de la souscription</li>\r\n<li>Après cette période, la couverture est effective quel que soit le moment du décès</li>\r\n</ul>", "que_faire": "", "autre": "", "created_at": "2025-09-09T19:48:58.706Z", "updated_at": "2025-09-09T19:48:55Z", "creator": "KOUAKOU Ulrich"}}, {"model": "administration.detailproduit", "pk": 10, "fields": {"produit": 6, "contenu": "L'Assurance Transport de SAAR est une couverture indispensable pour toute entreprise impliquée dans l'importation et/ou l'exportation de biens. Elle offre une protection complète contre les risques lors des voyages par mer, air ou terre. Cette garantie est Obligatoire en Côte d'Ivoire pour toutes les marchandises importées, mise en vigueur par le Décret d'application n°2007-479 du 16 mai 2007.", "path": "", "qui": "<ul>\r\n  <li>Importateurs et exportateurs</li>\r\n  <li>Transitaires et commissionnaires de transport</li>\r\n  <li>Négociants en marchandises</li>\r\n  <li>Toute personne physique ou morale impliquée dans le commerce international</li>\r\n</ul>\r\n\r\n<span><strong>MODES DE TRANSPORT COUVERTS :</strong></span>\r\n<ul>\r\n  <li>Transport maritime (cargo, conteneurs)</li>\r\n  <li>Transport aérien (fret aérien)</li>\r\n  <li>Transport terrestre (camions, trains)</li>\r\n  <li>Transport multimodal (combinaison de plusieurs modes)</li>\r\n</ul>", "pourquoi": "<ul>\r\n  <li><strong>Conformité légale :</strong> Respect des obligations réglementaires ivoiriennes</li>\r\n  <li><strong>Protection financière :</strong> Sécurisation des investissements commerciaux</li>\r\n  <li><strong>Continuité d'activité :</strong> Éviter les pertes qui pourraient compromettre l'entreprise</li>\r\n  <li><strong>Tranquillité commerciale :</strong> Négocier en toute sérénité avec les partenaires</li>\r\n  <li><strong>Expertise SAAR :</strong> Bénéficier de l'expérience d'un assureur spécialisé</li>\r\n</ul>\r\n\r\n<span>Cette assurance est essentielle pour sécuriser les flux commerciaux et respecter la réglementation en vigueur en Côte d'Ivoire. <span>", "comment": "<ol>\r\n  <li>Remplir un questionnaire spécialement conçu</li>\r\n  <li>Fournir les informations sur les marchandises et itinéraires</li>\r\n  <li>Obtenir une cotation auprès de n'importe quel bureau SAAR Assurances Côte d'Ivoire</li>\r\n  <li>Personnalisation selon le type de marchandises et risques</li>\r\n</ol>", "que_faire": "<span><strong>Délais de déclaration :</strong></span>\r\n<ul>\r\n  <li>48 heures maximum pour les vols</li>\r\n  <li>5 jours maximum pour les autres sinistres</li>\r\n</ul>\r\n<span><strong>Procédure :</strong></span>\r\n<ul>\r\n  <li>Déclarer le sinistre dans les plus brefs délais</li>\r\n  <li>Fournir tous les documents justificatifs</li>\r\n  <li>Permettre l'expertise des dommages</li>\r\n</ul>", "autre": "", "created_at": "2025-09-15T13:01:05.966Z", "updated_at": "2025-09-15T13:01:02Z", "creator": "KOUAKOU Ulrich"}}, {"model": "administration.detailproduit", "pk": 11, "fields": {"produit": 3, "contenu": "L'Assurance Individuelle Accident de SAAR Assurances Côte d'Ivoire offre une protection complète pour vous et votre famille contre les conséquences financières des accidents corporels. Cette couverture garantit une prise en charge immédiate en cas d'atteinte à votre intégrité physique.", "path": "", "qui": "<ul>\r\n  <li>Particuliers souhaitant se protéger individuellement</li>\r\n  <li>Familles pour une protection collective</li>\r\n  <li>Entreprises pour leurs employés (couverture collective)</li>\r\n  <li>Toute personne physique ou morale</li>\r\n</ul>", "pourquoi": "<ul>\r\n  <li><strong>Protection financière</strong> contre les conséquences d'accidents</li>\r\n  <li><strong>Prise en charge immédiate</strong> des frais médicaux</li>\r\n  <li><strong>Sécurité familiale :</strong> Capital garanti pour les proches</li>\r\n  <li><strong>Compensation d'incapacité :</strong> Indemnisation selon le préjudice subi</li>\r\n<li><strong>Tranquillité d'esprit :</strong> Protection contre l'imprévisible</li>\r\n<li><strong>Flexibilité :</strong> Capitaux choisis selon vos moyens et besoins</li>\r\n</ul>\r\n<span>Cette assurance est essentielle pour se prémunir contre les conséquences financières des accidents qui peuvent survenir dans la vie quotidienne, professionnelle ou lors des loisirs.</span>", "comment": "<ol>\r\n  <li><strong>Définir les capitaux</strong> souhaités selon vos besoins</li>\r\n  <li><strong>Choisir les plafonds</strong> de remboursement des frais médicaux</li>\r\n  <li><strong>Contacter SAAR Assurances</strong> pour établir le contrat</li>\r\n  <li><strong>Personnaliser</strong> la couverture selon votre profil de risque</li>\r\n</ol>", "que_faire": "<ul>\r\n  <li><strong>Déclarer immédiatement</strong> à un point d'accueil SAAR Assurances Côte d'Ivoire</li>\r\n  <li><strong>Dans les plus brefs délais</strong> suivant l'accident</li>\r\n  <li>Fournir tous les justificatifs médicaux et administratifs</li>\r\n  <li>Permettre la contre-expertise si nécessaire</li>\r\n</ul>", "autre": "", "created_at": "2025-09-15T13:52:28.336Z", "updated_at": "2025-09-15T13:52:25Z", "creator": "KOUAKOU Ulrich"}}, {"model": "administration.detailproduit", "pk": 12, "fields": {"produit": 5, "contenu": "L'Assurance Habitation de SAAR assure la protection complète de votre domicile et de vos biens contre les dommages matériels ou corporels causés par divers sinistres. Cette assurance multirisque habitation offre une couverture étendue adaptée aux propriétaires comme aux locataires.", "path": "", "qui": "<ul>\r\n  <li><strong>Propriétaires</strong> d'appartements ou maisons</li>\r\n  <li><strong>Locataires</strong> de logements</li>\r\n  <li><strong>Occupants</strong> à divers titres</li>\r\n  <li><strong>Copropriétaires</strong> pour leurs parties privatives</li>\r\n</ul>\r\n  <span><strong>PROFILS COUVERTS :</strong></span>\r\n<ul>\r\n  <li><strong>Propriétaires :</strong> Protection complète du bien immobilier et du contenu</li>\r\n  <li><strong>Locataires :</strong> Couverture du mobilier et responsabilité locative</li>\r\n  <li><strong>Occupants à titre gratuit :</strong> Protection adaptée à leur statut</li>\r\n  <li><strong>Copropriétaires</strong> pour leurs parties privatives</li>\r\n</ul>", "pourquoi": "<ul>\r\n  <li><strong>Protection patrimoniale :</strong> Sécurisation de votre investissement immobilier</li>\r\n  <li><strong>Tranquillité d'esprit :</strong> Couverture contre les risques du quotidien</li>\r\n  <li><strong>Obligation légale :</strong> Assurance souvent exigée par les bailleurs</li>\r\n  <li><strong>Responsabilité civile :</strong> Protection contre les dommages causés aux tiers</li>\r\n  <li><strong>Accompagnement :</strong> Expertise SAAR pour l'évaluation et l'indemnisation</li>\r\n  <li><strong>Flexibilité :</strong> Contrats adaptés selon votre statut et vos besoins</li>\r\n</ul>", "comment": "<ol>\r\n  <li><strong>Remplir un questionnaire détaillé avec :</strong> Informations sur votre logement (surface, type, localisation), Inventaire du contenu et de sa valeur,Votre profil (propriétaire ou locataire), Mesures de sécurité existantes</li>\r\n  <li><strong>Évaluation des risques</strong> par SAAR Assurances</li>\r\n  <li><strong>Établissement du contrat</strong> personnalisé</li>\r\n  <li><strong>Définition des capitaux</strong> et franchises</li>\r\n</ol>", "que_faire": "<ul>\r\n  <li><strong>Déclaration immédiate</strong> auprès de SAAR Assurances</li>\r\n  <li><strong>Conservation des preuves</strong> et justificatifs</li>\r\n  <li><strong>Expertise des dommages</strong> par un professionnel</li>\r\n  <li><strong>Indemnisation</strong> selon les termes du contrat</li>\r\n</ul>\r\n<span>Cette assurance multirisque habitation est essentielle pour protéger votre lieu de vie et vos biens contre les aléas qui peuvent survenir au quotidien.</span>", "autre": "", "created_at": "2025-09-15T17:31:25.780Z", "updated_at": "2025-09-15T17:30:40Z", "creator": "KOUAKOU Ulrich"}}, {"model": "administration.detailproduit", "pk": 13, "fields": {"produit": 7, "contenu": "La Caution SAAR est un engagement par signature pris par SAAR Assurances qui permet d'optimiser la trésorerie en remplaçant les garanties financières. En cas de défaillance contractuelle ou de non-respect d'une obligation légale, SAAR couvre vos bénéficiaires publics ou privés.", "path": "", "qui": "<ul>\r\n  <li><strong>Entreprises de BTP</strong> pour les marchés publics et privés</li>\r\n  <li><strong>Entrepreneurs</strong> de tous secteurs</li>\r\n  <li><strong>Sociétés</strong> ayant besoin de garanties financières</li>\r\n  <li><strong>Particuliers</strong> dans certains cas spécifiques</li>\r\n</ul>", "pourquoi": "<ul>\r\n  <li><strong>Optimisation de trésorerie :</strong> Éviter l'immobilisation de fonds</li>\r\n  <li><strong>Flexibilité financière :</strong> Libération du capital pour d'autres investissements</li>\r\n  <li><strong>Crédibilité renforcée :</strong> Garantie d'un assureur reconnu</li>\r\n  <li><strong>Accompagnement :</strong> Expertise dans l'analyse des risques</li>\r\n</ul>", "comment": "", "que_faire": "", "autre": "", "created_at": "2025-09-15T17:59:04.906Z", "updated_at": "2025-09-15T17:59:02Z", "creator": "KOUAKOU Ulrich"}}, {"model": "administration.detailproduit", "pk": 14, "fields": {"produit": 2, "contenu": "SAAR SANTÉ est une solution complète qui compile trois risques essentiels : maladie, assistance et évacuation sanitaire. Ce produit \"3 en 1\" offre une flexibilité totale selon le choix du client, avec des couvertures santé adaptées à votre profil, budget et besoins spécifiques.", "path": "", "qui": "<ul>\r\n  <li><strong>Particuliers</strong> recherchant une couverture santé complète</li>\r\n  <li><strong>Familles</strong> souhaitant une protection globale</li>\r\n  <li><strong>Entreprises</strong> pour leurs employés</li>\r\n  <li><strong>Personnes</strong> ayant besoin d'assistance et d'évacuation sanitaire</li>\r\n</ul>", "pourquoi": "<ul>\r\n  <li><strong>Formule 3 en 1 :</strong> Couverture complète en un seul contrat</li>\r\n  <li><strong>Flexibilité :</strong> Choix entre tiers payant et remboursement</li>\r\n  <li><strong>Réseau de soins :</strong>Partenaires agréés pour faciliter les démarches</li>\r\n  <li><strong>Personnalisation :</strong> Adaptation selon profil et budget</li>\r\n  <li><strong>Couverture étendue :</strong> De la consultation à l'évacuation sanitaire</li>\r\n</ul>", "comment": "<ul>\r\n  <li><strong>Remplir un questionnaire</strong> dans les agences SAAR, représentations ou chez les courtiers partenaires</li>\r\n  <li><strong>Choisir votre régime :</strong> Tiers payant (Paiement direct par SAAR) ou Système de remboursement (Avance puis remboursement)</li>\r\n  <li><strong>Réseau de soins :</strong>Partenaires agréés pour faciliter les démarches</li>\r\n  <li><strong>Personnalisation :</strong> Adaptation selon profil et budget</li>\r\n  <li><strong>Couverture étendue :</strong> De la consultation à l'évacuation sanitaire</li>\r\n</ul>", "que_faire": "", "autre": "<span><strong>PRISE EN CHARGE MÉDICALE :</strong></span>\r\n<span><strong>Tiers Payant :</strong></span>\r\n<ul>\r\n  <li>Se rendre dans les <strong>cliniques et pharmacies agréées</strong> par SAAR Assurances</li>\r\n  <li>Présenter votre <strong>carte d'assurance santé</strong></li>\r\n  <li><strong>Prise en charge complète</strong> sans avance de frais</li>\r\n</ul>\r\n<span><strong>Hors Tiers Payant :</strong></span>\r\n<ul>\r\n  <li>Prise en charge dans un <strong>centre de santé non agréé</strong></li>\r\n  <li><strong>Transmettre les justificatifs</strong> à SAAR pour remboursement</li>\r\n  <li>Avance des frais puis remboursement selon les termes du contrat</li>\r\n</ul>", "created_at": "2025-09-15T18:24:38.813Z", "updated_at": "2025-09-15T18:24:36Z", "creator": "KOUAKOU Ulrich"}}, {"model": "administration.formule", "pk": 1, "fields": {"libelle": "Tierce Simple", "description": "Pour véhicule de tout âge.\r\n<ul>\r\n  <li><strong>Responsabilité Civile</strong></li>\r\n  <li><strong>Défense et Recours</strong></li>\r\n</ul>", "produit": 1, "created_at": "2025-08-27T19:14:51.057Z", "updated_at": "2025-08-27T19:14:25Z", "creator": "KOUAKOU Ulrich"}}, {"model": "administration.formule", "pk": 2, "fields": {"libelle": "Tierce SAAR", "description": "Pour véhicule de tout âge\r\n<ul>\r\n  <li><strong>Responsabilité Civile</strong></li>\r\n  <li><strong>Défense et Recours</strong></li>\r\n  <li><strong>Avance sur Recours</strong></li>\r\n  <li><strong>Dommage Corporel Conducteur</strong></li>\r\n</ul>", "produit": 1, "created_at": "2025-08-27T19:21:30.048Z", "updated_at": "2025-08-27T19:21:23Z", "creator": "KOUAKOU Ulrich"}}, {"model": "administration.formule", "pk": 3, "fields": {"libelle": "Tierce Confort (Tiers Complet)", "description": "Pour véhicule de tout âge.\r\n<ul>\r\n  <li><strong>Responsabilité Civile</strong></li>\r\n  <li><strong>Défense et Recours</strong></li>\r\n  <li><strong>Avance sur Recours</strong></li>\r\n  <li><strong>Dommage Corporel Conducteur</strong></li>\r\n<li><strong>Bris de Glace</strong></li>\r\n<li><strong>Vol et Accessoires</strong></li>\r\n<li><strong>Incendie</strong></li>\r\n<li><strong>Vandalisme</strong></li>\r\n</ul>", "produit": 1, "created_at": "2025-08-27T19:22:06.825Z", "updated_at": "2025-08-27T19:22:05Z", "creator": "KOUAKOU Ulrich"}}, {"model": "administration.formule", "pk": 4, "fields": {"libelle": "Tous Risques", "description": "Pour véhicule de 0 à 5 ans.\r\n<ul>\r\n  <li><strong>Responsabilité Civile</strong></li>\r\n  <li><strong>Défense et Recours</strong></li>\r\n  <li><strong>Avance sur Recours</strong></li>\r\n  <li><strong>Dommage Corporel Conducteur</strong></li>\r\n<li><strong>Bris de Glace</strong></li>\r\n<li><strong>Vol et Accessoires</strong></li>\r\n<li><strong>Incendie</strong></li>\r\n<li><strong>Vandalisme</strong></li>\r\n<li><strong>Dommages Tous Accidents</strong></li>\r\n</ul>", "produit": 1, "created_at": "2025-08-27T19:22:39.725Z", "updated_at": "2025-08-27T19:22:36Z", "creator": "KOUAKOU Ulrich"}}, {"model": "administration.formule", "pk": 5, "fields": {"libelle": "Soutrali Auto", "description": "Pour véhicule de plus de 5 ans.\r\n<ul>\r\n  <li><strong>Responsabilité Civile</strong></li>\r\n  <li><strong>Défense et Recours</strong></li>\r\n  <li><strong>Avance sur Recours</strong></li>\r\n  <li><strong>Dommage Corporel Conducteur</strong></li>\r\n<li><strong>Bris de Glace</strong></li>\r\n<li><strong>Vol et Accessoires</strong></li>\r\n<li><strong>Incendie</strong></li>\r\n<li><strong>Vandalisme</strong></li>\r\n<li><strong>Soutrali Auto</strong></li>\r\n</ul>", "produit": 1, "created_at": "2025-08-27T19:23:07.557Z", "updated_at": "2025-08-27T19:23:03Z", "creator": "KOUAKOU Ulrich"}}, {"model": "administration.formule", "pk": 6, "fields": {"libelle": "LAKANAN SANTÉ CLASSIQUE", "description": "<ul>\r\n<li>Prime annuelle d'assurance santé : <strong>2 270 000 FCFA</strong></li>\r\n<li>Plafond annuel par personne : <strong>5 500 000 FCFA</strong></li>\r\n</ul>", "produit": 13, "created_at": "2025-09-05T18:42:05.052Z", "updated_at": "2025-09-05T18:41:49Z", "creator": "KOUAKOU Ulrich"}}, {"model": "administration.formule", "pk": 7, "fields": {"libelle": "LAKANAN SANTÉ PREMIUM", "description": "<ul>\r\n<li>Prime annuelle d'assurance santé : <strong>6 500 000 FCFA</strong></li>\r\n<li>Plafond annuel par personne : <strong>15 000 000 FCFA</strong></li>\r\n</ul>", "produit": 13, "created_at": "2025-09-05T18:42:58.135Z", "updated_at": "2025-09-05T18:42:55Z", "creator": "KOUAKOU Ulrich"}}, {"model": "administration.garantie", "pk": 1, "fields": {"libelle": "Responsabilité Civile (RC)", "description": "Elle couvre les conséquences pécuniaires de la RESPONSABILITE CIVILE (RC) de l’assuré en raison des dommages corporels ou matériels causés à des tiers non survenus au cours ou à l’occasion de la circulation et résultant d’accident, d’incendie ou d’explosion provenant du véhicule assuré ou occasionné par lui, les accessoires ou produits servant ainsi que les objets ou substances qu’il transporte. Les personnes assurées sont : Le propriétaire du véhicule, le souscripteur du contrat, toute personne ayant la garde ou la conduite même non autorisée du véhicule, les passagers du véhicule.", "produit": 1, "created_at": "2025-08-27T19:37:47.339Z", "updated_at": "2025-08-27T19:37:44Z", "creator": "KOUAKOU Ulrich"}}, {"model": "administration.garantie", "pk": 2, "fields": {"libelle": "Défense et Recours", "description": "La garantie Défense et Recours de SAAR Assurance est une protection juridique qui couvre l'assuré en cas de litige lié à un accident de la route. Elle permet à l'assuré de bénéficier d'un soutien juridique pour défendre ses droits, que ce soit en tant que responsable ou victime, et de demander réparation des préjudices subis. Cette garantie prend en charge les frais de justice, les honoraires d'avocats, ainsi que les frais d'expertise nécessaires pour régler le différend, que ce soit à l'amiable ou devant les tribunaux.", "produit": 1, "created_at": "2025-08-27T19:38:58.664Z", "updated_at": "2025-08-27T19:38:55Z", "creator": "KOUAKOU Ulrich"}}, {"model": "administration.garantie", "pk": 3, "fields": {"libelle": "Dommages tous accidents (Tous Risques)", "description": "Elle prend en charge les sinistres provenant d’une collision avec un autre véhicule, d’un choc avec un corps fixe ou mobile (poteau électrique, animaux), d’un renversement du véhicule sans collision préalable.", "produit": 1, "created_at": "2025-08-27T19:41:12.400Z", "updated_at": "2025-08-27T19:40:55Z", "creator": "KOUAKOU Ulrich"}}, {"model": "administration.garantie", "pk": 4, "fields": {"libelle": "La Garantie Incendie", "description": "Elle couvre les dommages résultant de l’incendie, de l’explosion, de la combustion spontané et de la chute de la foudre.", "produit": 1, "created_at": "2025-08-27T19:43:26.314Z", "updated_at": "2025-08-27T19:43:23Z", "creator": "KOUAKOU Ulrich"}}, {"model": "administration.garantie", "pk": 5, "fields": {"libelle": "La Garantie Vol", "description": "La garantie vol protège votre véhicule contre la disparition ou les dommages résultant d’un vol ou d’une tentative de vol.", "produit": 1, "created_at": "2025-08-27T19:47:02.286Z", "updated_at": "2025-08-27T19:46:59Z", "creator": "KOUAKOU Ulrich"}}, {"model": "administration.garantie", "pk": 6, "fields": {"libelle": "La Garantie Bris de Glace", "description": "Elle couvre les Bris de Glace accidentels du Pare Brise, des glaces latérales et de la lunette arrière du véhicule assuré. En principe, Cette garantie ne couvre pas les bris de verre, de phare, de rétroviseurs, etc. qui sont du ressort de la garantie de dommage par accident.", "produit": 1, "created_at": "2025-08-27T19:47:38.464Z", "updated_at": "2025-08-27T19:47:35Z", "creator": "KOUAKOU Ulrich"}}, {"model": "administration.garantie", "pk": 7, "fields": {"libelle": "La Garantie Dommage Corporel au Conducteur(IC)", "description": "La garantie protection du conducteur est une assurance qui couvre les dommages corporels subis par le conducteur du véhicule assuré en cas d'accident, même si celui-ci est responsable. Contrairement aux garanties classiques qui indemnisent uniquement les tiers (passagers, piétons, etc.). Cette garantie prend en charge les frais médicaux, les pertes de revenus en cas d'incapacité de travail, et verse un capital en cas d'invalidité permanente ou de décès du conducteur. Elle permet ainsi de compléter la couverture de la responsabilité civile qui ne couvre pas les dommages corporels du conducteur lui-même.", "produit": 1, "created_at": "2025-08-27T19:49:16.076Z", "updated_at": "2025-08-27T19:49:13Z", "creator": "KOUAKOU Ulrich"}}, {"model": "administration.garantie", "pk": 8, "fields": {"libelle": "La Garantie Personnes Transportées", "description": "La garantie de la personne transportée est une couverture qui protège les passagers d'un véhicule en cas d'accident. Elle prévoit une indemnisation en cas de blessures corporelles ou de décès des passagers transportés dans le véhicule assuré, que l'accident soit causé par le conducteur du véhicule ou par un tiers. Cette garantie prend en charge les frais médicaux, les indemnités journalières en cas d'incapacité temporaire, et un capital en cas d'invalidité permanente ou de décès.", "produit": 1, "created_at": "2025-08-27T19:49:58.123Z", "updated_at": "2025-08-27T19:49:55Z", "creator": "KOUAKOU Ulrich"}}, {"model": "administration.garantie", "pk": 9, "fields": {"libelle": "Loyers Impayés", "description": "L'assureur rembourse les pertes financières dues au non-paiement des loyers, charges et taxes récupérables prévues au bail, pour les biens immobiliers gérés par le souscripteur du contrat. Cette garantie couvre jusqu'à douze (12) mois de loyer. Le montant de la franchise s'applique pour tout sinistre et est d'un mois de loyer.", "produit": 10, "created_at": "2025-08-29T15:29:13.779Z", "updated_at": "2025-08-29T15:29:09Z", "creator": "KOUAKOU Ulrich"}}, {"model": "administration.garantie", "pk": 10, "fields": {"libelle": "Incendie", "description": "La garantie Incendie du produit Joker Bailleur de SAAR ASSURANCES offre une protection complète contre les dommages causés par l'incendie, que ce soit par conflagration, embrasement ou simple combustion. Cette garantie couvre également les dommages causés par les moyens utilisés pour l'extinction, comme l'eau, ainsi que ceux survenant lors des opérations de sauvetage. L'engagement de l'assureur par sinistre est fixé à 100 % du montant déterminé par les experts. Cette garantie couvre jusqu'à dix (10) fois le loyer annuel. La franchise d'avarie s'applique pour tout sinistre, dont le montant est déterminé dans les Conditions Particulières.", "produit": 10, "created_at": "2025-08-29T15:30:45.509Z", "updated_at": "2025-08-29T15:30:41Z", "creator": "KOUAKOU Ulrich"}}, {"model": "administration.garantie", "pk": 11, "fields": {"libelle": "Dégradations Locatives Immobilières", "description": "La garantie « Dégradations Immobilières » couvre les dégradations et destructions des biens immobiliers imputables au locataire. Elle s'applique uniquement aux immeubles par nature ou par destination, tels que définis par le Code Civil, et se base sur la comparaison des états des lieux d’entrée et de sortie.", "produit": 10, "created_at": "2025-08-29T15:32:28.319Z", "updated_at": "2025-08-29T15:32:24Z", "creator": "KOUAKOU Ulrich"}}, {"model": "administration.garantie", "pk": 12, "fields": {"libelle": "Protection Juridique ou Défense et Recours", "description": "La garantie « Protection Juridique ou Défense et Recours » intervient en cas de litige garanti, prenant en charge la défense des intérêts de l’Assuré par voie amiable ou judiciaire.", "produit": 10, "created_at": "2025-08-29T15:33:13.098Z", "updated_at": "2025-08-29T15:33:09Z", "creator": "KOUAKOU Ulrich"}}, {"model": "administration.garantie", "pk": 13, "fields": {"libelle": "Soutrali Auto", "description": "Pour les véhicules de plus de 5 ans. Réparation prioritaire avant recherche de responsabilité : Réparation entre 750 000 et 5 500 000 FCFA ; Remorquage vers garage agréé ; Assistance immobilisation jusqu'à 14 jours.", "produit": 1, "created_at": "2025-09-05T15:39:22.302Z", "updated_at": "2025-09-05T15:39:19Z", "creator": "KOUAKOU Ulrich"}}, {"model": "administration.garantie", "pk": 14, "fields": {"libelle": "Consultations", "description": "Généraliste, spécialiste, urgence/garde", "produit": 13, "created_at": "2025-09-05T18:47:18.365Z", "updated_at": "2025-09-05T18:47:15Z", "creator": "KOUAKOU Ulrich"}}, {"model": "administration.garantie", "pk": 15, "fields": {"libelle": "Visites médicales", "description": "À domicile", "produit": 13, "created_at": "2025-09-05T18:47:45.556Z", "updated_at": "2025-09-05T18:47:42Z", "creator": "KOUAKOU Ulrich"}}, {"model": "administration.garantie", "pk": 16, "fields": {"libelle": "Auxiliaires médicaux", "description": "Kinésithérapie et rééducation", "produit": 13, "created_at": "2025-09-05T18:48:11.648Z", "updated_at": "2025-09-05T18:48:08Z", "creator": "KOUAKOU Ulrich"}}, {"model": "administration.garantie", "pk": 17, "fields": {"libelle": "Pharmacie", "description": "Hors anti-rétroviraux (frais réels)", "produit": 13, "created_at": "2025-09-05T18:48:39.715Z", "updated_at": "2025-09-05T18:48:34Z", "creator": "KOUAKOU Ulrich"}}, {"model": "administration.garantie", "pk": 18, "fields": {"libelle": "Examens médicaux", "description": "Radiologie, imagerie, analyses biologiques", "produit": 13, "created_at": "2025-09-05T18:49:06.262Z", "updated_at": "2025-09-05T18:49:03Z", "creator": "KOUAKOU Ulrich"}}, {"model": "administration.garantie", "pk": 19, "fields": {"libelle": "Traitements anti-rétroviraux", "description": "Traitements anti-rétroviraux", "produit": 13, "created_at": "2025-09-05T18:49:30.675Z", "updated_at": "2025-09-05T18:49:27Z", "creator": "KOUAKOU Ulrich"}}, {"model": "administration.garantie", "pk": 20, "fields": {"libelle": "Soins et petite chirurgie", "description": "Soins et petite chirurgie", "produit": 13, "created_at": "2025-09-05T18:49:48.925Z", "updated_at": "2025-09-05T18:49:45Z", "creator": "KOUAKOU Ulrich"}}, {"model": "administration.garantie", "pk": 21, "fields": {"libelle": "Soins préventifs", "description": "Mammographie, frottis annuel ou PSA", "produit": 13, "created_at": "2025-09-05T18:50:22.805Z", "updated_at": "2025-09-05T18:50:20Z", "creator": "KOUAKOU Ulrich"}}, {"model": "administration.garantie", "pk": 22, "fields": {"libelle": "Hospitalisation", "description": "Médicale, chirurgicale et soins intensifs", "produit": 13, "created_at": "2025-09-05T18:50:54.154Z", "updated_at": "2025-09-05T18:50:50Z", "creator": "KOUAKOU Ulrich"}}, {"model": "administration.garantie", "pk": 23, "fields": {"libelle": "Hébergement", "description": "Accompagnant d'un enfant", "produit": 13, "created_at": "2025-09-05T18:51:15.808Z", "updated_at": "2025-09-05T18:51:12Z", "creator": "KOUAKOU Ulrich"}}, {"model": "administration.garantie", "pk": 24, "fields": {"libelle": "Dentisterie", "description": "Soins réparateurs, radio panoramique", "produit": 13, "created_at": "2025-09-05T18:51:44.530Z", "updated_at": "2025-09-05T18:51:40Z", "creator": "KOUAKOU Ulrich"}}, {"model": "administration.garantie", "pk": 25, "fields": {"libelle": "Optique", "description": "Verres et montures", "produit": 13, "created_at": "2025-09-05T18:52:06.317Z", "updated_at": "2025-09-05T18:52:03Z", "creator": "KOUAKOU Ulrich"}}, {"model": "administration.garantie", "pk": 26, "fields": {"libelle": "Transport", "description": "Ambulance", "produit": 13, "created_at": "2025-09-05T18:52:28.773Z", "updated_at": "2025-09-05T18:52:25Z", "creator": "KOUAKOU Ulrich"}}, {"model": "administration.garantie", "pk": 27, "fields": {"libelle": "Réparation du véhicule", "description": "<ul>\r\n<li><strong>Capital garanti :</strong> Entre 750 000 FCFA et 5 500 000 FCFA</li>\r\n<li>Couvre les réparations suite à accident, vol, incendie, etc.</li>\r\n</ul>", "produit": 15, "created_at": "2025-09-09T13:58:02.871Z", "updated_at": "2025-09-09T13:57:59Z", "creator": "KOUAKOU Ulrich"}}, {"model": "administration.garantie", "pk": 28, "fields": {"libelle": "Remorquage", "description": "Prise en charge du remorquage du véhicule depuis le lieu de l'accident jusqu'au garage agréé le plus proche", "produit": 15, "created_at": "2025-09-09T13:58:52.386Z", "updated_at": "2025-09-09T13:58:49Z", "creator": "KOUAKOU Ulrich"}}, {"model": "administration.garantie", "pk": 29, "fields": {"libelle": "Assistance immobilisation", "description": "<ul>\r\n<li>Assistance véhicule immobilisé jusqu'à <strong>7 jours</strong></li>\r\n<li>Mise à disposition d'un véhicule de remplacement pendant la durée des réparations</li>\r\n</ul>", "produit": 15, "created_at": "2025-09-09T14:00:26.707Z", "updated_at": "2025-09-09T14:00:23Z", "creator": "KOUAKOU Ulrich"}}, {"model": "administration.garantie", "pk": 30, "fields": {"libelle": "En cas de vie au terme du contrat", "description": "SAAR VIE verse un capital ou une rente sur 5 ans au terme du contrat si le client est vivant", "produit": 11, "created_at": "2025-09-09T18:07:34.282Z", "updated_at": "2025-09-09T18:07:31Z", "creator": "KOUAKOU Ulrich"}}, {"model": "administration.garantie", "pk": 31, "fields": {"libelle": "En cas de décès du parent souscripteur", "description": "SAAR VIE reverse un <strong>capital de 1 000 000 FCFA</strong> pour l'organisation des obsèques du parent", "produit": 11, "created_at": "2025-09-09T18:08:26.338Z", "updated_at": "2025-09-09T18:08:23Z", "creator": "KOUAKOU Ulrich"}}, {"model": "administration.garantie", "pk": 32, "fields": {"libelle": "En cas de décès avec garantie rente", "description": "<span><strong>Décès avant les 5 premières années :</strong></span>\r\n<ul>\r\n<li>SAAR reverse <strong>l'épargne constituée</strong> au moment du décès aux bénéficiaires</li>\r\n</ul>\r\n<span><strong>Décès après les 5 premières années (option rente) :</strong></span>\r\n<ul>\r\n<li>SAAR reverse une <strong>rente égale à 50%</strong> de la rente promise au terme, jusqu'au terme du contrats</li>\r\n</ul>\r\n<span><strong>Décès après les 5 premières années (option capital) :</strong></span>\r\n<ul>\r\n<li>SAAR reverse une <strong>rente égale à 50%</strong> du capital au terme, au prorata de la période restante jusqu'au terme du contrat</li>\r\n</ul>", "produit": 11, "created_at": "2025-09-09T18:13:35.104Z", "updated_at": "2025-09-09T18:13:31Z", "creator": "KOUAKOU Ulrich"}}, {"model": "administration.garantie", "pk": 33, "fields": {"libelle": "Saar Assistance Automobile", "description": "<span>Vous êtes victime d’un accident ou votre véhicule est en panne, pas de panique. La SAAR CI propose désormais son assistance personnalisée avec un numéro vert dédié dénommée\r\nSAAR ASSISTANCE AUTOMOBILE.</span><br><br><span><strong>Les différents packs :</strong></span><br><span><strong>1) Pack Silver</strong></span><ul><li>Aide à l’établisement du constat amiable en cas d’accident</li><li>Prise en charge du constat d’accident</li><li>Alerte des sapeurs pompiers</li><li>Remorquage</li></ul><span><strong>2) Pack Confort</strong></span><ul><li>Les options du Pack Silver</li><li>Mise à disposition d’un véhicule de remplacement</li></ul><span><strong>3) Pack Royal</strong></span><ul><li>Les options du Pack Royal</li><li>Réparation sur place</li><li>Remboursement de frais d’hôtel en cas d’accident hors de la ville de résidence</li>\r\n</ul>", "produit": 1, "created_at": "2025-09-09T18:39:00.607Z", "updated_at": "2025-09-09T18:38:57Z", "creator": "KOUAKOU Ulrich"}}, {"model": "administration.garantie", "pk": 34, "fields": {"libelle": "Frais médicaux d'urgence", "description": "<ul>\r\n<li>Prise en charge jusqu'à <strong>30 000 euros</strong> (soit environ <strong>19 740 000 FCFA</strong>)</li>\r\n<li>Couverture des frais médicaux et hospitaliers à l'étranger en cas de maladie</li>\r\n</ul>", "produit": 4, "created_at": "2025-09-09T19:08:15.926Z", "updated_at": "2025-09-09T19:08:13Z", "creator": "KOUAKOU Ulrich"}}, {"model": "administration.garantie", "pk": 35, "fields": {"libelle": "Protection juridique", "description": "<ul>\r\n<li><strong>Cautionnement pénal</strong> jusqu'à <strong>15 000 euros</strong></li>\r\n<li>Assistance en cas de problèmes judiciaires à l'étranger</li>\r\n</ul>", "produit": 4, "created_at": "2025-09-09T19:09:24.094Z", "updated_at": "2025-09-09T19:09:21Z", "creator": "KOUAKOU Ulrich"}}, {"model": "administration.garantie", "pk": 36, "fields": {"libelle": "Assistance financière", "description": "<ul>\r\n<li><strong>Avance de fonds</strong> jusqu'à <strong>1 500 euros</strong> en cas de perte de documents</li>\r\n<li>Aide financière d'urgence lors du voyage</li>\r\n</ul>", "produit": 4, "created_at": "2025-09-09T19:18:19.282Z", "updated_at": "2025-09-09T19:18:16Z", "creator": "KOUAKOU Ulrich"}}, {"model": "administration.garantie", "pk": 37, "fields": {"libelle": "Services de communication", "description": "<ul>\r\n<li><strong>Transmission de messages urgents :</strong> service illimité</li>\r\n<li>Liaison avec la famille en cas d'urgence</li>\r\n</ul>", "produit": 4, "created_at": "2025-09-09T19:19:36.713Z", "updated_at": "2025-09-09T19:19:33Z", "creator": "KOUAKOU Ulrich"}}, {"model": "administration.garantie", "pk": 38, "fields": {"libelle": "Rapatriement", "description": "<ul>\r\n<li><strong>Rapatriement du corps :</strong> prise en charge totale</li>\r\n<li>Organisation et financement complet du rapatriement</li>\r\n</ul>", "produit": 4, "created_at": "2025-09-09T19:20:39.592Z", "updated_at": "2025-09-09T19:20:36Z", "creator": "KOUAKOU Ulrich"}}, {"model": "administration.garantie", "pk": 39, "fields": {"libelle": "Couverture obsèques", "description": "<ul>\r\n<li><strong>Protection à vie :</strong> Couverture permanente du bénéficiaire assuré</li>\r\n<li><strong>Capital garanti</strong> pour l'organisation des funérailles</li>\r\n<li><strong>Prise en charge</strong> des frais d'obsèques selon le capital souscrit</li>\r\n</ul>", "produit": 12, "created_at": "2025-09-09T19:51:27.935Z", "updated_at": "2025-09-09T19:51:22Z", "creator": "KOUAKOU Ulrich"}}, {"model": "administration.garantie", "pk": 40, "fields": {"libelle": "Bénéficiaires couverts", "description": "Parents (père, mère), Enfants, Famille élargie (oncle, tante, tuteur), tout proche désigné par le souscripteur", "produit": 12, "created_at": "2025-09-09T19:52:51.580Z", "updated_at": "2025-09-09T19:52:45Z", "creator": "KOUAKOU Ulrich"}}, {"model": "administration.garantie", "pk": 41, "fields": {"libelle": "Dommages matériels", "description": "<ul>\r\n  <li>Dommages aux biens transportés durant le transit</li>\r\n  <li>Couverture des détériorations physiques des marchandises</li>\r\n</ul>", "produit": 6, "created_at": "2025-09-15T13:04:54.290Z", "updated_at": "2025-09-15T13:04:51Z", "creator": "KOUAKOU Ulrich"}}, {"model": "administration.garantie", "pk": 42, "fields": {"libelle": "Pertes totales", "description": "<ul>\r\n  <li>Perte des biens transportés (vol, disparition complète)</li>\r\n  <li>Remboursement de la valeur des marchandises perdues</li>\r\n</ul>", "produit": 6, "created_at": "2025-09-15T13:05:50.592Z", "updated_at": "2025-09-15T13:05:47Z", "creator": "KOUAKOU Ulrich"}}, {"model": "administration.garantie", "pk": 43, "fields": {"libelle": "Pertes partielles", "description": "<ul>\r\n  <li>Pertes de poids sur les biens transportés</li>\r\n  <li>Compensation des manquants et coulages</li>\r\n</ul>", "produit": 6, "created_at": "2025-09-15T13:06:41.763Z", "updated_at": "2025-09-15T13:06:38Z", "creator": "KOUAKOU Ulrich"}}, {"model": "administration.garantie", "pk": 44, "fields": {"libelle": "Frais médicaux", "description": "<ul>\r\n  <li><strong>Frais de traitement :</strong> Remboursement des frais médicaux sur justificatifs</li>\r\n  <li>Prise en charge dans la limite du plafond prévu au contrat</li>\r\n  <li>Couverture immédiate des soins d'urgence</li>\r\n</ul>", "produit": 3, "created_at": "2025-09-15T17:04:12.973Z", "updated_at": "2025-09-15T17:04:04Z", "creator": "KOUAKOU Ulrich"}}, {"model": "administration.garantie", "pk": 45, "fields": {"libelle": "Incapacité permanente partielle", "description": "<ul>\r\n  <li>Indemnité proportionnelle au taux d'incapacité déterminé</li>\r\n  <li>Évaluation après contre-expertise médicale</li>\r\n  <li>Compensation financière selon le degré de handicap</li>\r\n</ul>", "produit": 3, "created_at": "2025-09-15T17:05:22.802Z", "updated_at": "2025-09-15T17:05:19Z", "creator": "KOUAKOU Ulrich"}}, {"model": "administration.garantie", "pk": 46, "fields": {"libelle": "Décès accidentel", "description": "<ul>\r\n  <li>Versement du capital déterminé par l'assuré</li>\r\n  <li>Paiement aux ayants droit en cas de décès par accident</li>\r\n  <li>Soutien financier pour la famille</li>\r\n</ul>", "produit": 3, "created_at": "2025-09-15T17:07:22.584Z", "updated_at": "2025-09-15T17:07:13Z", "creator": "KOUAKOU Ulrich"}}, {"model": "administration.garantie", "pk": 47, "fields": {"libelle": "Incapacité permanente totale", "description": "<ul>\r\n  <li>Versement d'un capital maximum choisi par l'assuré</li>\r\n  <li>Montant basé sur le taux d'incapacité arrêté après contre-expertise</li>\r\n  <li>Protection contre la perte totale d'autonomie</li>\r\n</ul>", "produit": 3, "created_at": "2025-09-15T17:09:32.787Z", "updated_at": "2025-09-15T17:09:28Z", "creator": "KOUAKOU Ulrich"}}, {"model": "administration.garantie", "pk": 48, "fields": {"libelle": "Risques couverts", "description": "<ul>\r\n  <li><strong>Incendie et événements assimilés :</strong> Foudre, explosion, implosion</li>\r\n  <li><strong>Dégâts des eaux :</strong> Fuites, ruptures de canalisations, infiltrations</li>\r\n  <li><strong>Vol :</strong> Cambriolage et tentative de vol avec effraction</li>\r\n  <li><strong>Bris de glace :</strong> Vitres, miroirs, vérandas</li>\r\n</ul>", "produit": 5, "created_at": "2025-09-15T17:36:12.453Z", "updated_at": "2025-09-15T17:36:09Z", "creator": "KOUAKOU Ulrich"}}, {"model": "administration.garantie", "pk": 49, "fields": {"libelle": "Biens assurables", "description": "<ul>\r\n  <li><strong>Bâtiments :</strong> Structure, murs, toiture, installations fixes</li>\r\n  <li><strong>Mobilier personnel :</strong> Meubles, électroménager, effets personnels, objets de valeur</li>\r\n</ul>", "produit": 5, "created_at": "2025-09-15T17:41:40.788Z", "updated_at": "2025-09-15T17:40:58Z", "creator": "KOUAKOU Ulrich"}}, {"model": "administration.garantie", "pk": 50, "fields": {"libelle": "Caution pour soumission", "description": "<ul>\r\n  <li>Couvre le maître d'ouvrage contre le retrait de l'offre</li>\r\n  <li>Protection contre la non-signature du contrat</li>\r\n  <li>Garantie en cas de non-production d'une caution de bonne fin</li>\r\n</ul>", "produit": 7, "created_at": "2025-09-15T18:01:27.670Z", "updated_at": "2025-09-15T18:01:24Z", "creator": "KOUAKOU Ulrich"}}, {"model": "administration.garantie", "pk": 51, "fields": {"libelle": "Caution d'avance de démarrage", "description": "<ul>\r\n  <li>Assure le remboursement d'une avance consentie</li>\r\n  <li>Protection si les travaux ne sont pas exécutés par l'entrepreneur</li>\r\n  <li>Sécurisation des avances de trésorerie</li>\r\n</ul>", "produit": 7, "created_at": "2025-09-15T18:02:26.562Z", "updated_at": "2025-09-15T18:02:23Z", "creator": "KOUAKOU Ulrich"}}, {"model": "administration.garantie", "pk": 52, "fields": {"libelle": "Caution de bonne fin", "description": "<ul>\r\n  <li>Garantit que les travaux seront menés conformément au contrat</li>\r\n  <li>Assurance de bonne exécution des prestations</li>\r\n  <li>Protection du maître d'ouvrage jusqu'à la livraison</li>\r\n</ul>", "produit": 7, "created_at": "2025-09-15T18:05:30.357Z", "updated_at": "2025-09-15T18:05:27Z", "creator": "KOUAKOU Ulrich"}}, {"model": "administration.garantie", "pk": 53, "fields": {"libelle": "Caution de retenue de garantie", "description": "<ul>\r\n  <li>Permet à l'entrepreneur de ne pas subir de retenue</li>\r\n  <li>Libération immédiate du montant dû par le maître d'ouvrage</li>\r\n  <li>Optimisation du cash-flow de l'entrepreneur</li>\r\n</ul>", "produit": 7, "created_at": "2025-09-15T18:06:27.463Z", "updated_at": "2025-09-15T18:06:24Z", "creator": "KOUAKOU Ulrich"}}, {"model": "administration.garantie", "pk": 54, "fields": {"libelle": "Cautions bancaires", "description": "<ul>\r\n  <li>Garantie pour l'obtention de prêts bancaires</li>\r\n  <li>Assurance du respect des remboursements</li>\r\n  <li>Facilitation de l'accès au crédit</li>\r\n</ul>", "produit": 7, "created_at": "2025-09-15T18:07:29.424Z", "updated_at": "2025-09-15T18:07:26Z", "creator": "KOUAKOU Ulrich"}}, {"model": "administration.garantie", "pk": 55, "fields": {"libelle": "Soins médicaux", "description": "<ul>\r\n  <li>Consultation, Hospitalisation, Chirurgie</li>\r\n  <li>Frais médicaux et pharmaceutiques</li>\r\n  <li>Radiologie et Imagerie médicale</li>\r\n  <li>Analyses biologiques et travaux de laboratoire</li>\r\n</ul>", "produit": 2, "created_at": "2025-09-15T18:26:58.993Z", "updated_at": "2025-09-15T18:26:56Z", "creator": "KOUAKOU Ulrich"}}, {"model": "administration.garantie", "pk": 56, "fields": {"libelle": "Soins spécialisés", "description": "<ul>\r\n  <li>Soins dentaires et prothèses dentaires</li>\r\n  <li>Lunetterie (verres, montures)</li>\r\n  <li>Échographie</li>\r\n</ul>", "produit": 2, "created_at": "2025-09-15T18:28:46.427Z", "updated_at": "2025-09-15T18:28:41Z", "creator": "KOUAKOU Ulrich"}}, {"model": "administration.garantie", "pk": 57, "fields": {"libelle": "Maternité", "description": "<ul>\r\n  <li>Frais pré et postnatals</li>\r\n  <li>Accouchements : simple, gémellaire et chirurgical</li>\r\n  <li>Suivi complet de la grossesse</li>\r\n</ul>", "produit": 2, "created_at": "2025-09-15T18:30:18.757Z", "updated_at": "2025-09-15T18:30:15Z", "creator": "KOUAKOU Ulrich"}}, {"model": "administration.sinistre", "pk": 1, "fields": {"date_sinistre": "2024-08-16T09:02:00Z", "lieu_sinistre": "abobo", "periode_du": "2024-08-12", "periode_au": "2024-08-30", "numero_police": 15414125, "intervention": "Oui", "nom_a": "koffi", "adresse_a": "", "phone_a": "0704052021", "email_a": "", "marque_a": "kia", "imma_a": "14aj01", "visite_du_a": "2024-08-01", "visite_au_a": "2024-09-01", "usage_a": "", "conducteur_a": "konan", "adresse_conducteur_a": "abidjan", "phone_conducteur_a": "0141615118", "profession_conducteur_a": "Chauffeur", "numero_permis": "145263", "date_delivrance_a": "2024-08-01", "lieu_delivrance_a": "abidjan", "categorie_a": "ABCDE", "dure_a": 5, "constat_a": "Oui", "salarie_a": "Oui", "nom_b": "aaaaa", "adresse_b": "aaaaa", "phone_b": "0141615118", "email_b": "aaaa@gmail.com", "marque_b": "kia", "imma_b": "214aj01", "visite_du_b": "2024-08-16", "visite_au_b": "2024-08-16", "usage_b": "", "conducteur_b": "koan", "adresse_conducteur_b": "abobo", "phone_conducteur_b": "01415118", "profession_conducteur_b": "maitre", "numero_permis_b": "1444444", "date_delivrance_b": "2024-08-09", "lieu_delivrance_b": "", "categorie_b": "A", "dure_b": 12, "constat_b": "Non", "salarie_b": "Non", "circonstance": "N'ommettez pas de préciser le lieu de l'accident, les directions suivies par les véhicules,\r\n\r\nl'ordre des chocs et les points de chocs sur les véhicules.", "dommages": "N'ommettez pas de préciser la nature du dommage (matériel ou corporel).\r\n\r\nPour les Dommages matériels, veuillez préciser le type de choc (choc lattérale droit, lattérale gauche, avant gauche, avant droit, ...), les matériels endommagés (Pare-brise, feu, ...).\r\n\r\nPour les Dommages Corporels, veuillez préciser le nombre de blessés, le nombre de décès, l'intensité des blessures (léger, très léger, grave, très grave), le statut et l'âge des personnes concernées."}}, {"model": "administration.agence", "pk": 1, "fields": {"path": "img/agence_plateau_FJnI1SZ.jpg", "titre": "Bureau Direct Plateau", "situation": "Plateau", "contact": "Tél : +225 07 89 53 16 91", "localisation": "https://maps.app.goo.gl/ZJuvUvQnw1EDYSnz8", "zone": "ABIDJAN", "created_at": "2024-08-28T12:36:02.523Z", "updated_at": "2024-08-28T11:31:29Z", "creator": "Richmond YEBOUET"}}, {"model": "administration.agence", "pk": 2, "fields": {"path": "img/agence_sspedro.jpg", "titre": "Bureau Direct San-Pedro", "situation": "San-Pedro", "contact": "01 53 53 33 17", "localisation": "https://maps.app.goo.gl/xoabZwHBAHGPxzNbA", "zone": "INTERIEUR", "created_at": "2024-08-28T13:24:08.956Z", "updated_at": "2024-08-28T13:24:01Z", "creator": "Richmond YEBOUET"}}, {"model": "administration.agence", "pk": 3, "fields": {"path": "img/agence_riviera.jpg", "titre": "Bureau Direct Riviera", "situation": "Riviera 3, Cocody", "contact": "Tél : +225 07 89 53 12 28", "localisation": "https://maps.app.goo.gl/H2p3WqmJyzP8FqCT9", "zone": "ABIDJAN", "created_at": "2024-08-28T15:12:05.469Z", "updated_at": "2024-08-28T15:11:48Z", "creator": "KOUAKOU Ulrich"}}, {"model": "administration.agence", "pk": 4, "fields": {"path": "img/agence_takaful.jpg", "titre": "Bureau Direct Takaful Treichville", "situation": "Carrefour ex cinéma entente, Treichville", "contact": "Tèl : +225 07 57 82 55 47", "localisation": "https://maps.app.goo.gl/uA5m7Xp7RbxZrira7", "zone": "ABIDJAN", "created_at": "2024-08-28T15:20:49.798Z", "updated_at": "2024-08-28T15:20:44Z", "creator": "Richmond YEBOUET"}}, {"model": "administration.agence", "pk": 5, "fields": {"path": "img/blog-1.jpg", "titre": "Bureau Direct Vallon", "situation": "II Plateaux Vallon, Cocody", "contact": "Tél : +225 07 87 80 27 83", "localisation": "http://127.0.0.1:8000/agences/", "zone": "ABIDJAN", "created_at": "2024-08-28T15:36:56.881Z", "updated_at": "2024-08-28T15:36:53Z", "creator": "KOUAKOU Ulrich"}}, {"model": "administration.agence", "pk": 6, "fields": {"path": "img/agence_bietry_1_1.jpg", "titre": "Bureau Direct Bietry", "situation": "Non loin de l'église Notre Dame d'Afrique de Bietry", "contact": "Tél : +225 07 87 05 76 33", "localisation": "https://maps.app.goo.gl/CD4t4f7qA58KSSQb9", "zone": "ABIDJAN", "created_at": "2024-08-28T15:45:20.031Z", "updated_at": "2024-08-28T15:44:58Z", "creator": "Richmond YEBOUET"}}, {"model": "administration.agence", "pk": 7, "fields": {"path": "img/agence_yop_1.jpg", "titre": "Bureau Direct Yopougon", "situation": "Bel Air", "contact": "Tél : +225 07 58 34 07 88", "localisation": "https://maps.app.goo.gl/LgnZhnVCvWrMKTv89", "zone": "ABIDJAN", "created_at": "2024-08-28T15:49:37.090Z", "updated_at": "2024-08-28T15:48:55Z", "creator": "Richmond YEBOUET"}}, {"model": "administration.agence", "pk": 8, "fields": {"path": "img/agence_abobo_1.jpg", "titre": "Bureau Direct Abobo", "situation": "Mosquée Blanche", "contact": "Tél : +225 07", "localisation": "https://maps.app.goo.gl/CrDKFWSDkxJpfC9NA", "zone": "ABIDJAN", "created_at": "2024-08-28T15:51:04.530Z", "updated_at": "2024-08-28T15:51:01Z", "creator": "Richmond YEBOUET"}}, {"model": "administration.agence", "pk": 9, "fields": {"path": "img/agence_bouake_VwOBwQj.jpg", "titre": "Bureau Direct Bouaké", "situation": "Bureau Direct Bouaké", "contact": "Tél : +225 07 87 05 76 33", "localisation": "https://maps.app.goo.gl/XWR7SPo5snuzvgNB8", "zone": "INTERIEUR", "created_at": "2024-08-28T16:08:39.017Z", "updated_at": "2024-08-28T16:04:54Z", "creator": "KOUAKOU Ulrich"}}, {"model": "administration.agence", "pk": 10, "fields": {"path": "img/agence_yamo_1.jpg", "titre": "Bureau Direct Yamoussoukro", "situation": "Gare d'attiegouakro", "contact": "Tèl : +225 07 59 79 34 35", "localisation": "https://maps.app.goo.gl/BhfW7bY8ebKxQuU46", "zone": "INTERIEUR", "created_at": "2024-08-28T17:01:11.413Z", "updated_at": "2024-08-28T17:01:07Z", "creator": "KOUAKOU Ulrich"}}, {"model": "administration.agence", "pk": 11, "fields": {"path": "img/blog-1_hxNIYPE.jpg", "titre": "Bureau Direct Takaful Korhogo", "situation": "Korhogo", "contact": "Tél : +225 07 11 25 28 79", "localisation": "http://127.0.0.1:8000/agences/", "zone": "INTERIEUR", "created_at": "2024-08-28T17:56:48.029Z", "updated_at": "2024-08-28T17:18:36Z", "creator": "Richmond YEBOUET"}}, {"model": "administration.agentgeneral", "pk": 2, "fields": {"designation": "PKF ASSURANCES", "localite": "ABIDJAN", "contact": "+225 07 07 05 20", "created_at": "2024-08-28T18:00:10.646Z", "updated_at": "2024-08-28T17:59:34Z", "creator": "Richmond YEBOUET"}}, {"model": "administration.agentgeneral", "pk": 3, "fields": {"designation": "Groupe KOUHON", "localite": "Riviera, Cocody", "contact": "+225 07 49 53 55 23", "created_at": "2024-08-28T18:10:42.652Z", "updated_at": "2024-08-28T18:10:39Z", "creator": "KOUAKOU Ulrich"}}, {"model": "administration.agentgeneral", "pk": 4, "fields": {"designation": "KVS", "localite": "Marcory Zone 4C", "contact": "+225 00 00 00 00 00", "created_at": "2024-08-28T18:12:28.966Z", "updated_at": "2024-08-28T18:12:24Z", "creator": "KOUAKOU Ulrich"}}, {"model": "administration.temoignage", "pk": 1, "fields": {"contenu": "La meilleure depuis des années, je suis en partenariat avec eux, ils sont aussi à Abidjan sud Bietry en face de l'église catholique Notre Dame d'Afrique", "name": "Christ Alim", "localisation": "Abidjan, Côte d'Ivoire", "date_publication": "2025-08-20"}}, {"model": "administration.temoignage", "pk": 2, "fields": {"contenu": "Je viens de prendre mon assurance à l’instant très rapide et fiable", "name": "Igor Passport", "localisation": "Abidjan, Côte d'Ivoire", "date_publication": "2025-08-20"}}, {"model": "administration.temoignage", "pk": 3, "fields": {"contenu": "Wahou quelle innovation pour joker bailleur, vous êtes les meilleurs", "name": "Sidiki Guikas Kouyate", "localisation": "Abidjan, Côte d'Ivoire", "date_publication": "2025-08-20"}}, {"model": "administration.temoignage", "pk": 4, "fields": {"contenu": "Je dis un grand merci à Saar Assurance Vie. Car toutes mes préoccupations ont été résolu en un temps record. Mille et une fois merci pour votre réception", "name": "Lea Monet", "localisation": "Abidjan, Côte d'Ivoire", "date_publication": "2025-08-20"}}]