[{"model": "administration.caroussel", "pk": 1, "fields": {"titre": "ASSURANCE AUTO", "contenu": "Votre sécurité est notre priorité absolue sur la route. Avec notre assurance automobile, vous bénéficiez d'une protection fiable et d'un service attentionné à chaque étape,", "path": "img/carousel_auto.jpg", "lien": "http://127.0.0.1:8000/produits/1/", "created_at": "2024-05-14T00:00:00Z", "updated_at": "2025-08-23T15:31:41Z", "creator": "KOUAKOU Ulrich"}}, {"model": "administration.caroussel", "pk": 2, "fields": {"titre": "JOKER BAILLEUR", "contenu": "", "path": "img/carousel_joker.jpg", "lien": "http://127.0.0.1:8000/produits/10/", "created_at": "2024-05-14T00:00:00Z", "updated_at": "2025-08-23T15:32:38Z", "creator": "KOUAKOU Ulrich"}}, {"model": "administration.caroussel", "pk": 3, "fields": {"titre": "SAAR TAKAFUL", "contenu": "Protégez votre avenir avec SAAR TAKAFUL, une assurance conforme aux principes islamiques,", "path": "img/carousel_takaful.jpg", "lien": "http://127.0.0.1:8000/produits/9/", "created_at": "2024-05-14T00:00:00Z", "updated_at": "2024-05-14T18:43:34Z", "creator": "KOUAKOU Ulrich"}}, {"model": "administration.caroussel", "pk": 4, "fields": {"titre": "SAARBot", "contenu": "Votre assistant virtuel de SAAR Assurances Côte d'Ivoire, disponible 24h/24 pour répondre instantanément à toutes vos questions sur notre site web.", "path": "img/be-your-creative-virtual-assistant_X3E6rCM.jpg", "lien": "http://127.0.0.1:8000/carousels/chatbot/", "created_at": "2024-08-26T16:12:51.223Z", "updated_at": "2024-08-26T16:12:37Z", "creator": "Richmond YEBOUET"}}, {"model": "administration.actualite", "pk": 1, "fields": {"titre": "Fête du travail", "contenu": "Ce mercredi 1er Mai s'est tenue, à l'hotel FAMILLE MONDIALE, la célébration de la fête du travail réunissant tous les employés de la SAAR Côte d'Ivoire.", "date_publication": "2024-05-02", "path": "img/actualite-1.jpeg"}}, {"model": "administration.actualite", "pk": 2, "fields": {"titre": "Séance de travail Inspirante !", "contenu": "Du 08 au 10 Mars, la Société Africaine d’Assurances et de Réassurances de Côte d’Ivoire (SAAR CI) a organisé une séance de travail à Cannan Hills, Yamouskro. Dans un cadre professionnel empreint de sérieux et de rigueur, ces journées ont été marquées par une intense réflexion sur l'avenir de l'assurance.", "date_publication": "2024-03-13", "path": "img/actualite-2.jpeg"}}, {"model": "administration.actualite", "pk": 3, "fields": {"titre": "Déjeuner de présentation de SAAR TAKAFUL", "contenu": "Ce samedi 07 Octobre, nous avons organisé avec le Club des Hommes d'affaires musulmans de Côte d'Ivoire CHAMCI, un déjeuner de présentation de nos offres SAAR_TAKAFUL, notre gamme de produits d'assurance conforme à la Sharia.", "date_publication": "2023-10-08", "path": "img/actualite-3.jpeg"}}, {"model": "administration.categorie", "pk": 1, "fields": {"libelle": "Non-Vie", "created_at": "2025-08-20T17:42:46.755Z", "updated_at": "2025-08-20T17:42:41Z", "creator": "KOUAKOU Ulrich"}}, {"model": "administration.categorie", "pk": 2, "fields": {"libelle": "Vie", "created_at": "2025-08-20T17:43:05.435Z", "updated_at": "2025-08-20T17:42:55Z", "creator": "KOUAKOU Ulrich"}}, {"model": "administration.categorie", "pk": 3, "fields": {"libelle": "TAKAFUL", "created_at": "2025-08-22T16:57:46.279Z", "updated_at": "2025-08-22T16:57:43Z", "creator": "KOUAKOU Ulrich"}}, {"model": "administration.produit", "pk": 1, "fields": {"slug": "assurance-automobile", "titre": "Assurance Automobile", "contenu": "Votre sécurité est notre priorité absolue sur la route. Avec notre assurance automobile, vous bénéficiez d'une protection fiable et d'un service attentionné à chaque étape. <strong>Assurance moto</strong> : À partir de 10 000 FCFA / Année. <strong>A NOTER :</strong> Les primes ne sont pas fixes, la prime à payer dépendra de l'usage de votre véhicule, de l'énergie et de la puissance ou le tonnage.", "path": "img/assurance_auto.jpg", "created_at": "2024-05-15T13:39:08.540Z", "updated_at": "2024-05-15T13:39:03Z", "creator": "KOUAKOU Ulrich", "categorie": 1, "is_visible": false, "slogan": "Protection complète pour votre véhicule avec SAAR Assurances"}}, {"model": "administration.produit", "pk": 2, "fields": {"slug": "assurance-sante", "titre": "Assurance Santé", "contenu": "SAAR SANTE est une belle compilation de trois risques : maladie, assistance et évacuation sanitaire. Il s'agit d'un '3 en 1', au choix du client. \r\nNous vous proposons des couvertures santé adaptés à votre profil, votre budget et vos besoins :", "path": "img/thumbnail_sante.jpg", "created_at": "2024-05-15T13:40:33.770Z", "updated_at": "2024-07-29T16:22:21Z", "creator": "KOUAKOU Ulrich", "categorie": 1, "is_visible": false, "slogan": "Protection complète pour votre véhicule avec SAAR Assurances"}}, {"model": "administration.produit", "pk": 3, "fields": {"slug": "individuelle-accidents", "titre": "Individuelle Accidents", "contenu": "Protégez votre famille et vous-même en optant pour <strong>l'assurance Individuelle Accidents de SAAR Assurances Côte d'Ivoire</strong>. Cette couverture complète inclut <strong>la protection contre les risques de décès, d'invalidité permanente et les frais médicaux</strong>, assurant le versement d'un capital préalablement choisi.", "path": "img/individuel_accident.jpg", "created_at": "2024-05-15T13:42:50.646Z", "updated_at": "2024-05-15T13:42:47Z", "creator": "KOUAKOU Ulrich", "categorie": 1, "is_visible": false, "slogan": "Protection complète pour votre véhicule avec SAAR Assurances"}}, {"model": "administration.produit", "pk": 4, "fields": {"slug": "assurance-voyage", "titre": "Assurance Voyage", "contenu": "Prévoyez-vous un voyage et recherchez-vous une assurance fiable pour vous accompagner ? Optez pour Saar Assistance Voyage pour garantir votre sécurité et voyager l'esprit tranquille, que ce soit vers les pays de l'espace Schengen ou ailleurs dans le monde. Profitez d'une couverture complète pour voyager en toute tranquillité. Prise en charge à l’étranger des frais médicaux d’urgence en cas de maladie à concurrence de </strong>19 740 000 FCFA</strong>.", "path": "img/assurance_voyage_2.png", "created_at": "2024-05-15T13:44:26.117Z", "updated_at": "2024-05-15T13:44:23Z", "creator": "KOUAKOU Ulrich", "categorie": 1, "is_visible": false, "slogan": "Protection complète pour votre véhicule avec SAAR Assurances"}}, {"model": "administration.produit", "pk": 5, "fields": {"slug": "assurance-habitation", "titre": "Assurance Habitation", "contenu": "L’assurance habitation de la SAAR assure la protection de votre domicile et de vos biens contre les dommages matériels ou corporels causés par un sinistre. Notre assurance multirisque habitation offre une gamme complète de garanties pour vous protéger contre les risques les plus courants, tels que l’incendie, les dégâts des eaux, les bris de glace, le vol… en tant que propriétaire ou occupant.", "path": "img/assurance_habita.jpg", "created_at": "2024-05-15T13:45:45.816Z", "updated_at": "2024-05-15T13:45:43Z", "creator": "KOUAKOU Ulrich", "categorie": 1, "is_visible": false, "slogan": "Protection complète pour votre véhicule avec SAAR Assurances"}}, {"model": "administration.produit", "pk": 6, "fields": {"slug": "assurance-transport", "titre": "Assurance Transport", "contenu": "L’assurance Transport est indispensable pour toute entreprise impliquée dans l'importation et/ou l'exportation de biens, offrant une couverture contre les risques courants lors des voyages par mer, air ou terre. En Côte d'Ivoire, cette assurance est désormais obligatoire pour toutes les marchandises importées depuis la mise en vigueur du Décret d'application n°2007-479 du 16 mai 2007. SAAR Assurances Côte d'Ivoire met à votre disposition son expertise dans ce domaine pour répondre à vos besoins.", "path": "img/assurance_transport.jpg", "created_at": "2024-05-15T13:47:24.398Z", "updated_at": "2024-05-15T13:47:22Z", "creator": "KOUAKOU Ulrich", "categorie": 1, "is_visible": false, "slogan": "Protection complète pour votre véhicule avec SAAR Assurances"}}, {"model": "administration.produit", "pk": 7, "fields": {"slug": "assurance-caution", "titre": "Assurance Caution", "contenu": "Avec la Caution SAAR, j'optimise ma trésorerie. Les cautions comportent des risques liés à la défaillance du client. A la Saar, l'obtention d'une caution est basée sur une analyse minutieuse des capacités techniques, organisationnelles et financières des demandeurs.", "path": "img/assurance_caution.jpg", "created_at": "2024-05-15T13:50:08.269Z", "updated_at": "2024-05-15T13:49:53Z", "creator": "KOUAKOU Ulrich", "categorie": 1, "is_visible": false, "slogan": "Protection complète pour votre véhicule avec SAAR Assurances"}}, {"model": "administration.produit", "pk": 8, "fields": {"slug": "risques-divers", "titre": "Risques Divers", "contenu": "Découvrez nos solutions d'assurances Incendie, Responsabilités Civiles, Risques techniques et autres risques. La mission fondamentale de l’assurance est d’apporter aux hommes la sécurité dont ils ont besoin pour affronter le quotidien et avoir confiance en l’avenir. Chez SAAR, nous vous offrons efficacement l’accompagnement qu’il faut face à vos besoins de sécurité et celui de vos biens.", "path": "img/RC.jpeg", "created_at": "2024-05-15T13:52:31.724Z", "updated_at": "2024-05-15T13:52:29Z", "creator": "KOUAKOU Ulrich", "categorie": 1, "is_visible": false, "slogan": "Protection complète pour votre véhicule avec SAAR Assurances"}}, {"model": "administration.produit", "pk": 9, "fields": {"slug": "assurances-takaful", "titre": "Assurances Takaful", "contenu": "SAAR TAKAFUL est la fenêtre d'assurance islamique du Groupe SAAR ASSURANCES. C'est un système assurantiel basé sur les principes de la SHARIA ISLAMIQUE (Fiqh mohamalat). L'assurance islamique est matérialisée par la solidarité et l'entraide entre un groupe de personnes physiques ou morales en vue de se prémunir contre les aléas de la vie.", "path": "img/assurance_halal.jpg", "created_at": "2024-05-15T13:53:22.804Z", "updated_at": "2024-05-15T13:53:20Z", "creator": "KOUAKOU Ulrich", "categorie": 3, "is_visible": false, "slogan": "Protection complète pour votre véhicule avec SAAR Assurances"}}, {"model": "administration.produit", "pk": 10, "fields": {"slug": "assurance-loyers-impayes", "titre": "Assurance Loyers Impayés", "contenu": "JOKER BAILLEUR est une solution souscrite par tout bailleur, qui garantit le paiement des loyers impayés pendant 12 mois, les détériorations immobilières, les dommages en cas d'incendie et les frais de procédure amiable et contentieuse.", "path": "img/assurance_loyers_impayes.jpg", "created_at": "2024-06-10T12:56:59.689Z", "updated_at": "2024-06-10T12:56:46Z", "creator": "KOUAKOU Ulrich", "categorie": 1, "is_visible": true, "slogan": "Protection complète pour votre véhicule avec SAAR Assurances"}}, {"model": "administration.produit", "pk": 11, "fields": {"slug": "as-millenium", "titre": "As Millenium", "contenu": "Vous souhaitez que votre enfant fréquente dans quelques années les meilleures universités pour lui garantir un avenir meilleur. Le contrat AS MILLENIUM offre une garantie en cas de vie en terme du contrat, en cas de Décès, en cas de Décès Rente.", "path": "img/AS_MILLENIUM_xD7roLe.jpg", "created_at": "2025-08-22T16:33:44.981Z", "updated_at": "2025-08-22T16:33:37Z", "creator": "KOUAKOU Ulrich", "categorie": 2, "is_visible": true, "slogan": "Protection complète pour votre véhicule avec SAAR Assurances"}}, {"model": "administration.produit", "pk": 12, "fields": {"slug": "saar-nansou", "titre": "Saar Nansou", "contenu": "La SAAR met à votre disposition un produit de prévoyance qui couvre votre proche (parents, enfant, oncle, tante, tuteur, etc…) toute la vie. En effet, quelque soit la date de décès du parent (après 10 mois à compter de la souscripteur), vous êtes certains de pouvoir l’accompagner dignement dans sa dernière demeure et ce, quelque soit votre situation financière.", "path": "img/SAAR_NANSOUs_6Fy9G97.jpg", "created_at": "2025-08-22T16:37:02.239Z", "updated_at": "2025-08-22T16:36:55Z", "creator": "KOUAKOU Ulrich", "categorie": 2, "is_visible": true, "slogan": "Protection complète pour votre véhicule avec SAAR Assurances"}}, {"model": "administration.produit", "pk": 13, "fields": {"slug": "lakanan-sante", "titre": "Lakanan Santé", "contenu": "La santé des personnes du 3ième âge est une très grande problématique sur nos marchés africains. En effet, les personnes âgées sont presque ou pas du tout assurées lors de leur départ à la retraite. D’autant plus que l’assurance maladie Classique est globalement déficitaire. SAAR CI & SAAR VIE souhaitent ardemment y apporter une alternative.", "path": "img/SAAR_NANSOUs.jpg", "created_at": "2025-08-22T16:46:36.680Z", "updated_at": "2025-08-22T16:42:16Z", "creator": "KOUAKOU Ulrich", "categorie": 2, "is_visible": true, "slogan": "Préparez votre retraite en sécurisant votre santé avec LAKANAN ÉPARGNE SANTÉ"}}, {"model": "administration.produit", "pk": 14, "fields": {"slug": "saar-kinnin-ya", "titre": "Saar Kinnin Ya", "contenu": "La SAAR met a votre disposition un produit SANTE vous permettant de de couvrir vos soins et ce sur presque toute l’étendue du territoire par un vaste réseau de soins. Toute personne ou toute entreprise peuvent souscrire à ce contrat.", "path": "img/KINNINYA_FAMILLEs.jpg", "created_at": "2025-08-22T16:55:00.522Z", "updated_at": "2025-08-22T16:54:56Z", "creator": "KOUAKOU Ulrich", "categorie": 1, "is_visible": true, "slogan": "Protection complète pour votre véhicule avec SAAR Assurances"}}, {"model": "administration.produit", "pk": 15, "fields": {"slug": "soutrali-auto", "titre": "Soutrali Auto", "contenu": "Il s'agit d'un produit d'assurance mini «TOUS RISQUES » pour tous les véhicules, y compris âgés de plus de 5 ans. Cette garantie couvre : La réparation de votre véhicule entre 750.000 FCFA et 5.500.000 FCFA, le remorquage du véhicule du lieu de l’accident au garage agréé le plus proche, une assistance immobilisation jusqu'à 7 (Sept jours)", "path": "img/SOUTRALI_AUTOs.jpg", "created_at": "2025-08-22T16:57:16.580Z", "updated_at": "2025-08-22T16:57:11Z", "creator": "KOUAKOU Ulrich", "categorie": 1, "is_visible": true, "slogan": "Protection complète pour votre véhicule avec SAAR Assurances"}}, {"model": "administration.detailproduit", "pk": 2, "fields": {"produit": 1, "contenu": "Découvrez nos solutions d'assurance automobile adaptées à tous vos besoins. De la couverture de base aux garanties les plus complètes, protégez votre véhicule et vos proches.", "path": "img/assurance_auto_vhhhsJ4.jpg", "qui": "Toute personne ou toute entreprise pour son parc automobile.", "pourquoi": "", "comment": "La prime d'assurance est fonction de la valeur vénale du véhicule et du capital assistance choisie. Pour souscrire ou en savoir plus, contactez-nous.", "que_faire": "Établissez un constat, documentez les dommages et déclarez dans les 5 jours ouvrés.", "autre": "", "created_at": "2025-08-27T20:01:38.464Z", "updated_at": "2025-08-27T19:58:37Z", "creator": "KOUAKOU Ulrich"}}, {"model": "administration.detailproduit", "pk": 3, "fields": {"produit": 10, "contenu": "JOKER BAILLEUR est une solution souscrite par tout bailleur, qui garantit le paiement des loyers impayés pendant 12 mois, les détériorations immobilières, les dommages en cas d'incendie et les frais de procédure amiable et contentieuse.", "path": "img/assurance_loyers_impayes_Ca2MAiI.jpg", "qui": "Tout bailleur ou gestionnaire immobilier.", "pourquoi": "JOKER BAILLEUR est une solution qui garantit non seulement les revenus locatifs, mais également assure la pérennité du bien du bailleur en prenant en charge les dommages physiques que celui-ci peut subir.\r\n\r\nEn pratique, lorsqu'un promoteur immobilier s'engage dans les constructions de logements à but locatifs, il compte sur les loyers à percevoir pour faire face à ses multiples engagements et donc il encourt un risque d'insolvabilité en cas de non règlement du loyer par le locataire.", "comment": "Il suffit de remplir le questionnaire conçu à cet effet et fournir les informations demandées pour obtenir une cotation auprès de n'importe quel bureau SAAR ASSURANCES en Côte d'Ivoire.", "que_faire": "", "autre": "", "created_at": "2025-08-29T15:27:32.311Z", "updated_at": "2025-08-29T15:27:25Z", "creator": "KOUAKOU Ulrich"}}, {"model": "administration.detailproduit", "pk": 4, "fields": {"produit": 13, "contenu": "La santé des personnes du 3ième âge est une très grande problématique sur nos marchés africains. En effet, les personnes âgées sont presque ou pas du tout assurées lors de leur départ à la retraite. D’autant plus que l’assurance maladie Classique est globalement déficitaire. SAAR VIE CI souhaitent ardemment y apporter une alternative.", "path": "", "qui": "<ul>\r\n<li>Personnes jusqu'à 40 ans (20 ans de cotisation)</li>\r\n<li>Personnes jusqu'à 45 ans (15 ans de cotisation)</li>\r\n<li>Personnes jusqu'à 50 ans (10 ans de cotisation)</li>\r\n<li>Actifs souhaitant préparer leur couverture santé post-retraite.</li>\r\n</ul>", "pourquoi": "<span><strong>Le problème résolu</strong></span>\r\n<ul>\r\n<li>Les retraités ont des revenus réduits mais des besoins de santé accrus</li> \r\n<li>L'assurance maladie classique est généralement déficitaire pour cette tranche d'âge</li> \r\n<li>les pathologies du 3ème âge (hypertension, diabète, troubles musculosquelettiques) nécessitent des soins coûteux.</li>\r\n</ul>\r\n\r\n<span><strong>Les avantages :</strong></span>\r\n<ul>\r\n<li><strong>Financement anticipé :</strong> Épargne progressive pendant la vie active</li> \r\n<li><strong>Couverture garantie :</strong> 80% de remboursement dès la retraite</li> \r\n<li><strong>Durée étendue :</strong> Jusqu'à 15 ans après le départ à la retraite</li>\r\n<li><strong>Réseau de soins large :</strong> Option internationale disponible</li>\r\n<li><strong>Services additionnels :</strong> Suivi médical préventif et conseils santé</li>\r\n</ul>", "comment": "<ol>\r\n<li>Souscrire d'abord un contrat d'épargne chez SAAR VIE</li>\r\n<li>Cotiser mensuellement selon l'âge et la durée choisie</li>\r\n<li>Recevoir une attestation d'éligibilité</li>\r\n<li>À la retraite : activation automatique de l'assurance santé chez SAAR CI.</li>\r\n</ol>", "que_faire": "Contactez les services SAAR Vie CI pour une prise en charge rapide.", "autre": "<span><strong>Primes mensuelles selon l'âge (exemples pour 15 ans de couverture) :</strong></span>\r\n<ul>\r\n<li><strong>Jusqu'à 40 ans : </strong>82 000 FCFA/mois (Classique) - 231 000 FCFA/mois (Premium)</li>\r\n<li><strong>Jusqu'à 45 ans : </strong>120 000 FCFA/mois (Classique) - 337 000 FCFA/mois (Premium)</li>\r\n<li><strong>Jusqu'à 50 ans : </strong>195 000 FCFA/mois (Classique) - 554 000 FCFA/mois (Premium)</li>\r\n</ul>", "created_at": "2025-09-05T18:22:46.317Z", "updated_at": "2025-09-05T18:22:43Z", "creator": "KOUAKOU Ulrich"}}, {"model": "administration.formule", "pk": 1, "fields": {"libelle": "Tierce Simple", "description": "Pour véhicule de tout âge.", "produit": 1, "created_at": "2025-08-27T19:14:51.057Z", "updated_at": "2025-08-27T19:14:25Z", "creator": "KOUAKOU Ulrich"}}, {"model": "administration.formule", "pk": 2, "fields": {"libelle": "Tierce SAAR", "description": "Pour véhicule de tout âge", "produit": 1, "created_at": "2025-08-27T19:21:30.048Z", "updated_at": "2025-08-27T19:21:23Z", "creator": "KOUAKOU Ulrich"}}, {"model": "administration.formule", "pk": 3, "fields": {"libelle": "Tierce Confort (Tiers Complet)", "description": "Pour véhicule de tout âge.", "produit": 1, "created_at": "2025-08-27T19:22:06.825Z", "updated_at": "2025-08-27T19:22:05Z", "creator": "KOUAKOU Ulrich"}}, {"model": "administration.formule", "pk": 4, "fields": {"libelle": "Tous Risques", "description": "Pour véhicule de 0 à 5 ans.", "produit": 1, "created_at": "2025-08-27T19:22:39.725Z", "updated_at": "2025-08-27T19:22:36Z", "creator": "KOUAKOU Ulrich"}}, {"model": "administration.formule", "pk": 5, "fields": {"libelle": "Soutrali Auto (mini tous risques)", "description": "Pour véhicule de plus de 5 ans.", "produit": 1, "created_at": "2025-08-27T19:23:07.557Z", "updated_at": "2025-08-27T19:23:03Z", "creator": "KOUAKOU Ulrich"}}, {"model": "administration.formule", "pk": 6, "fields": {"libelle": "LAKANAN SANTÉ CLASSIQUE", "description": "<ul>\r\n<li>Prime annuelle d'assurance santé : <strong>2 270 000 FCFA</strong></li>\r\n<li>Plafond annuel par personne : <strong>5 500 000 FCFA</strong></li>\r\n</ul>", "produit": 13, "created_at": "2025-09-05T18:42:05.052Z", "updated_at": "2025-09-05T18:41:49Z", "creator": "KOUAKOU Ulrich"}}, {"model": "administration.formule", "pk": 7, "fields": {"libelle": "LAKANAN SANTÉ PREMIUM", "description": "<ul>\r\n<li>Prime annuelle d'assurance santé : <strong>6 500 000 FCFA</strong></li>\r\n<li>Plafond annuel par personne : <strong>15 000 000 FCFA</strong></li>\r\n</ul>", "produit": 13, "created_at": "2025-09-05T18:42:58.135Z", "updated_at": "2025-09-05T18:42:55Z", "creator": "KOUAKOU Ulrich"}}, {"model": "administration.garantie", "pk": 1, "fields": {"libelle": "Responsabilité Civile (RC)", "description": "Elle couvre les conséquences pécuniaires de la RESPONSABILITE CIVILE (RC) de l’assuré en raison des dommages corporels ou matériels causés à des tiers non survenus au cours ou à l’occasion de la circulation et résultant d’accident, d’incendie ou d’explosion provenant du véhicule assuré ou occasionné par lui, les accessoires ou produits servant ainsi que les objets ou substances qu’il transporte. Les personnes assurées sont : Le propriétaire du véhicule, le souscripteur du contrat, toute personne ayant la garde ou la conduite même non autorisée du véhicule, les passagers du véhicule.", "produit": 1, "created_at": "2025-08-27T19:37:47.339Z", "updated_at": "2025-08-27T19:37:44Z", "creator": "KOUAKOU Ulrich"}}, {"model": "administration.garantie", "pk": 2, "fields": {"libelle": "Défense et Recours", "description": "La garantie Défense et Recours de SAAR Assurance est une protection juridique qui couvre l'assuré en cas de litige lié à un accident de la route. Elle permet à l'assuré de bénéficier d'un soutien juridique pour défendre ses droits, que ce soit en tant que responsable ou victime, et de demander réparation des préjudices subis. Cette garantie prend en charge les frais de justice, les honoraires d'avocats, ainsi que les frais d'expertise nécessaires pour régler le différend, que ce soit à l'amiable ou devant les tribunaux.", "produit": 1, "created_at": "2025-08-27T19:38:58.664Z", "updated_at": "2025-08-27T19:38:55Z", "creator": "KOUAKOU Ulrich"}}, {"model": "administration.garantie", "pk": 3, "fields": {"libelle": "Dommages tous accidents (Tous Risques)", "description": "Elle prend en charge les sinistres provenant d’une collision avec un autre véhicule, d’un choc avec un corps fixe ou mobile (poteau électrique, animaux), d’un renversement du véhicule sans collision préalable.", "produit": 1, "created_at": "2025-08-27T19:41:12.400Z", "updated_at": "2025-08-27T19:40:55Z", "creator": "KOUAKOU Ulrich"}}, {"model": "administration.garantie", "pk": 4, "fields": {"libelle": "La Garantie Incendie", "description": "Elle couvre les dommages résultant de l’incendie, de l’explosion, de la combustion spontané et de la chute de la foudre.", "produit": 1, "created_at": "2025-08-27T19:43:26.314Z", "updated_at": "2025-08-27T19:43:23Z", "creator": "KOUAKOU Ulrich"}}, {"model": "administration.garantie", "pk": 5, "fields": {"libelle": "La Garantie Vol", "description": "La garantie vol protège votre véhicule contre la disparition ou les dommages résultant d’un vol ou d’une tentative de vol.", "produit": 1, "created_at": "2025-08-27T19:47:02.286Z", "updated_at": "2025-08-27T19:46:59Z", "creator": "KOUAKOU Ulrich"}}, {"model": "administration.garantie", "pk": 6, "fields": {"libelle": "La Garantie Bris de Glace", "description": "Elle couvre les Bris de Glace accidentels du Pare Brise, des glaces latérales et de la lunette arrière du véhicule assuré. En principe, Cette garantie ne couvre pas les bris de verre, de phare, de rétroviseurs, etc. qui sont du ressort de la garantie de dommage par accident.", "produit": 1, "created_at": "2025-08-27T19:47:38.464Z", "updated_at": "2025-08-27T19:47:35Z", "creator": "KOUAKOU Ulrich"}}, {"model": "administration.garantie", "pk": 7, "fields": {"libelle": "La Garantie Dommage Corporel au Conducteur(IC)", "description": "La garantie protection du conducteur est une assurance qui couvre les dommages corporels subis par le conducteur du véhicule assuré en cas d'accident, même si celui-ci est responsable. Contrairement aux garanties classiques qui indemnisent uniquement les tiers (passagers, piétons, etc.). Cette garantie prend en charge les frais médicaux, les pertes de revenus en cas d'incapacité de travail, et verse un capital en cas d'invalidité permanente ou de décès du conducteur. Elle permet ainsi de compléter la couverture de la responsabilité civile qui ne couvre pas les dommages corporels du conducteur lui-même.", "produit": 1, "created_at": "2025-08-27T19:49:16.076Z", "updated_at": "2025-08-27T19:49:13Z", "creator": "KOUAKOU Ulrich"}}, {"model": "administration.garantie", "pk": 8, "fields": {"libelle": "La Garantie Personnes Transportées", "description": "La garantie de la personne transportée est une couverture qui protège les passagers d'un véhicule en cas d'accident. Elle prévoit une indemnisation en cas de blessures corporelles ou de décès des passagers transportés dans le véhicule assuré, que l'accident soit causé par le conducteur du véhicule ou par un tiers. Cette garantie prend en charge les frais médicaux, les indemnités journalières en cas d'incapacité temporaire, et un capital en cas d'invalidité permanente ou de décès.", "produit": 1, "created_at": "2025-08-27T19:49:58.123Z", "updated_at": "2025-08-27T19:49:55Z", "creator": "KOUAKOU Ulrich"}}, {"model": "administration.garantie", "pk": 9, "fields": {"libelle": "Loyers Impayés", "description": "L'assureur rembourse les pertes financières dues au non-paiement des loyers, charges et taxes récupérables prévues au bail, pour les biens immobiliers gérés par le souscripteur du contrat. Cette garantie couvre jusqu'à douze (12) mois de loyer. Le montant de la franchise s'applique pour tout sinistre et est d'un mois de loyer.", "produit": 10, "created_at": "2025-08-29T15:29:13.779Z", "updated_at": "2025-08-29T15:29:09Z", "creator": "KOUAKOU Ulrich"}}, {"model": "administration.garantie", "pk": 10, "fields": {"libelle": "Incendie", "description": "La garantie Incendie du produit Joker Bailleur de SAAR ASSURANCES offre une protection complète contre les dommages causés par l'incendie, que ce soit par conflagration, embrasement ou simple combustion. Cette garantie couvre également les dommages causés par les moyens utilisés pour l'extinction, comme l'eau, ainsi que ceux survenant lors des opérations de sauvetage. L'engagement de l'assureur par sinistre est fixé à 100 % du montant déterminé par les experts. Cette garantie couvre jusqu'à dix (10) fois le loyer annuel. La franchise d'avarie s'applique pour tout sinistre, dont le montant est déterminé dans les Conditions Particulières.", "produit": 10, "created_at": "2025-08-29T15:30:45.509Z", "updated_at": "2025-08-29T15:30:41Z", "creator": "KOUAKOU Ulrich"}}, {"model": "administration.garantie", "pk": 11, "fields": {"libelle": "Dégradations Locatives Immobilières", "description": "La garantie « Dégradations Immobilières » couvre les dégradations et destructions des biens immobiliers imputables au locataire. Elle s'applique uniquement aux immeubles par nature ou par destination, tels que définis par le Code Civil, et se base sur la comparaison des états des lieux d’entrée et de sortie.", "produit": 10, "created_at": "2025-08-29T15:32:28.319Z", "updated_at": "2025-08-29T15:32:24Z", "creator": "KOUAKOU Ulrich"}}, {"model": "administration.garantie", "pk": 12, "fields": {"libelle": "Protection Juridique ou Défense et Recours", "description": "La garantie « Protection Juridique ou Défense et Recours » intervient en cas de litige garanti, prenant en charge la défense des intérêts de l’Assuré par voie amiable ou judiciaire.", "produit": 10, "created_at": "2025-08-29T15:33:13.098Z", "updated_at": "2025-08-29T15:33:09Z", "creator": "KOUAKOU Ulrich"}}, {"model": "administration.garantie", "pk": 13, "fields": {"libelle": "Soutrali Auto", "description": "Pour les véhicules de plus de 5 ans. Réparation prioritaire avant recherche de responsabilité : Réparation entre 750 000 et 5 500 000 FCFA ; Remorquage vers garage agréé ; Assistance immobilisation jusqu'à 14 jours.", "produit": 1, "created_at": "2025-09-05T15:39:22.302Z", "updated_at": "2025-09-05T15:39:19Z", "creator": "KOUAKOU Ulrich"}}, {"model": "administration.garantie", "pk": 14, "fields": {"libelle": "Consultations", "description": "Généraliste, spécialiste, urgence/garde", "produit": 13, "created_at": "2025-09-05T18:47:18.365Z", "updated_at": "2025-09-05T18:47:15Z", "creator": "KOUAKOU Ulrich"}}, {"model": "administration.garantie", "pk": 15, "fields": {"libelle": "Visites médicales", "description": "À domicile", "produit": 13, "created_at": "2025-09-05T18:47:45.556Z", "updated_at": "2025-09-05T18:47:42Z", "creator": "KOUAKOU Ulrich"}}, {"model": "administration.garantie", "pk": 16, "fields": {"libelle": "Auxiliaires médicaux", "description": "Kinésithérapie et rééducation", "produit": 13, "created_at": "2025-09-05T18:48:11.648Z", "updated_at": "2025-09-05T18:48:08Z", "creator": "KOUAKOU Ulrich"}}, {"model": "administration.garantie", "pk": 17, "fields": {"libelle": "Pharmacie", "description": "Hors anti-rétroviraux (frais réels)", "produit": 13, "created_at": "2025-09-05T18:48:39.715Z", "updated_at": "2025-09-05T18:48:34Z", "creator": "KOUAKOU Ulrich"}}, {"model": "administration.garantie", "pk": 18, "fields": {"libelle": "Examens médicaux", "description": "Radiologie, imagerie, analyses biologiques", "produit": 13, "created_at": "2025-09-05T18:49:06.262Z", "updated_at": "2025-09-05T18:49:03Z", "creator": "KOUAKOU Ulrich"}}, {"model": "administration.garantie", "pk": 19, "fields": {"libelle": "Traitements anti-rétroviraux", "description": "Traitements anti-rétroviraux", "produit": 13, "created_at": "2025-09-05T18:49:30.675Z", "updated_at": "2025-09-05T18:49:27Z", "creator": "KOUAKOU Ulrich"}}, {"model": "administration.garantie", "pk": 20, "fields": {"libelle": "Soins et petite chirurgie", "description": "Soins et petite chirurgie", "produit": 13, "created_at": "2025-09-05T18:49:48.925Z", "updated_at": "2025-09-05T18:49:45Z", "creator": "KOUAKOU Ulrich"}}, {"model": "administration.garantie", "pk": 21, "fields": {"libelle": "Soins préventifs", "description": "Mammographie, frottis annuel ou PSA", "produit": 13, "created_at": "2025-09-05T18:50:22.805Z", "updated_at": "2025-09-05T18:50:20Z", "creator": "KOUAKOU Ulrich"}}, {"model": "administration.garantie", "pk": 22, "fields": {"libelle": "Hospitalisation", "description": "Médicale, chirurgicale et soins intensifs", "produit": 13, "created_at": "2025-09-05T18:50:54.154Z", "updated_at": "2025-09-05T18:50:50Z", "creator": "KOUAKOU Ulrich"}}, {"model": "administration.garantie", "pk": 23, "fields": {"libelle": "Hébergement", "description": "Accompagnant d'un enfant", "produit": 13, "created_at": "2025-09-05T18:51:15.808Z", "updated_at": "2025-09-05T18:51:12Z", "creator": "KOUAKOU Ulrich"}}, {"model": "administration.garantie", "pk": 24, "fields": {"libelle": "Dentisterie", "description": "Soins réparateurs, radio panoramique", "produit": 13, "created_at": "2025-09-05T18:51:44.530Z", "updated_at": "2025-09-05T18:51:40Z", "creator": "KOUAKOU Ulrich"}}, {"model": "administration.garantie", "pk": 25, "fields": {"libelle": "Optique", "description": "Verres et montures", "produit": 13, "created_at": "2025-09-05T18:52:06.317Z", "updated_at": "2025-09-05T18:52:03Z", "creator": "KOUAKOU Ulrich"}}, {"model": "administration.garantie", "pk": 26, "fields": {"libelle": "Transport", "description": "Ambulance", "produit": 13, "created_at": "2025-09-05T18:52:28.773Z", "updated_at": "2025-09-05T18:52:25Z", "creator": "KOUAKOU Ulrich"}}, {"model": "administration.sinistre", "pk": 1, "fields": {"date_sinistre": "2024-08-16T09:02:00Z", "lieu_sinistre": "abobo", "periode_du": "2024-08-12", "periode_au": "2024-08-30", "numero_police": 15414125, "intervention": "Oui", "nom_a": "koffi", "adresse_a": "", "phone_a": "0704052021", "email_a": "", "marque_a": "kia", "imma_a": "14aj01", "visite_du_a": "2024-08-01", "visite_au_a": "2024-09-01", "usage_a": "", "conducteur_a": "konan", "adresse_conducteur_a": "abidjan", "phone_conducteur_a": "0141615118", "profession_conducteur_a": "Chauffeur", "numero_permis": "145263", "date_delivrance_a": "2024-08-01", "lieu_delivrance_a": "abidjan", "categorie_a": "ABCDE", "dure_a": 5, "constat_a": "Oui", "salarie_a": "Oui", "nom_b": "aaaaa", "adresse_b": "aaaaa", "phone_b": "0141615118", "email_b": "aaaa@gmail.com", "marque_b": "kia", "imma_b": "214aj01", "visite_du_b": "2024-08-16", "visite_au_b": "2024-08-16", "usage_b": "", "conducteur_b": "koan", "adresse_conducteur_b": "abobo", "phone_conducteur_b": "01415118", "profession_conducteur_b": "maitre", "numero_permis_b": "1444444", "date_delivrance_b": "2024-08-09", "lieu_delivrance_b": "", "categorie_b": "A", "dure_b": 12, "constat_b": "Non", "salarie_b": "Non", "circonstance": "N'ommettez pas de préciser le lieu de l'accident, les directions suivies par les véhicules,\r\n\r\nl'ordre des chocs et les points de chocs sur les véhicules.", "dommages": "N'ommettez pas de préciser la nature du dommage (matériel ou corporel).\r\n\r\nPour les Dommages matériels, veuillez préciser le type de choc (choc lattérale droit, lattérale gauche, avant gauche, avant droit, ...), les matériels endommagés (Pare-brise, feu, ...).\r\n\r\nPour les Dommages Corporels, veuillez préciser le nombre de blessés, le nombre de décès, l'intensité des blessures (léger, très léger, grave, très grave), le statut et l'âge des personnes concernées."}}, {"model": "administration.agence", "pk": 1, "fields": {"path": "img/agence_plateau_FJnI1SZ.jpg", "titre": "Bureau Direct Plateau", "situation": "Plateau", "contact": "Tél : +225 07 89 53 16 91", "localisation": "https://maps.app.goo.gl/ZJuvUvQnw1EDYSnz8", "zone": "ABIDJAN", "created_at": "2024-08-28T12:36:02.523Z", "updated_at": "2024-08-28T11:31:29Z", "creator": "Richmond YEBOUET"}}, {"model": "administration.agence", "pk": 2, "fields": {"path": "img/agence_sspedro.jpg", "titre": "Bureau Direct San-Pedro", "situation": "San-Pedro", "contact": "01 53 53 33 17", "localisation": "https://maps.app.goo.gl/xoabZwHBAHGPxzNbA", "zone": "INTERIEUR", "created_at": "2024-08-28T13:24:08.956Z", "updated_at": "2024-08-28T13:24:01Z", "creator": "Richmond YEBOUET"}}, {"model": "administration.agence", "pk": 3, "fields": {"path": "img/agence_riviera.jpg", "titre": "Bureau Direct Riviera", "situation": "Riviera 3, Cocody", "contact": "Tél : +225 07 89 53 12 28", "localisation": "https://maps.app.goo.gl/H2p3WqmJyzP8FqCT9", "zone": "ABIDJAN", "created_at": "2024-08-28T15:12:05.469Z", "updated_at": "2024-08-28T15:11:48Z", "creator": "KOUAKOU Ulrich"}}, {"model": "administration.agence", "pk": 4, "fields": {"path": "img/agence_takaful.jpg", "titre": "Bureau Direct Takaful Treichville", "situation": "Carrefour ex cinéma entente, Treichville", "contact": "Tèl : +225 07 57 82 55 47", "localisation": "https://maps.app.goo.gl/uA5m7Xp7RbxZrira7", "zone": "ABIDJAN", "created_at": "2024-08-28T15:20:49.798Z", "updated_at": "2024-08-28T15:20:44Z", "creator": "Richmond YEBOUET"}}, {"model": "administration.agence", "pk": 5, "fields": {"path": "img/blog-1.jpg", "titre": "Bureau Direct Vallon", "situation": "II Plateaux Vallon, Cocody", "contact": "Tél : +225 07 87 80 27 83", "localisation": "http://127.0.0.1:8000/agences/", "zone": "ABIDJAN", "created_at": "2024-08-28T15:36:56.881Z", "updated_at": "2024-08-28T15:36:53Z", "creator": "KOUAKOU Ulrich"}}, {"model": "administration.agence", "pk": 6, "fields": {"path": "img/agence_bietry_1_1.jpg", "titre": "Bureau Direct Bietry", "situation": "Non loin de l'église Notre Dame d'Afrique de Bietry", "contact": "Tél : +225 07 87 05 76 33", "localisation": "https://maps.app.goo.gl/CD4t4f7qA58KSSQb9", "zone": "ABIDJAN", "created_at": "2024-08-28T15:45:20.031Z", "updated_at": "2024-08-28T15:44:58Z", "creator": "Richmond YEBOUET"}}, {"model": "administration.agence", "pk": 7, "fields": {"path": "img/agence_yop_1.jpg", "titre": "Bureau Direct Yopougon", "situation": "Bel Air", "contact": "Tél : +225 07 58 34 07 88", "localisation": "https://maps.app.goo.gl/LgnZhnVCvWrMKTv89", "zone": "ABIDJAN", "created_at": "2024-08-28T15:49:37.090Z", "updated_at": "2024-08-28T15:48:55Z", "creator": "Richmond YEBOUET"}}, {"model": "administration.agence", "pk": 8, "fields": {"path": "img/agence_abobo_1.jpg", "titre": "Bureau Direct Abobo", "situation": "Mosquée Blanche", "contact": "Tél : +225 07", "localisation": "https://maps.app.goo.gl/CrDKFWSDkxJpfC9NA", "zone": "ABIDJAN", "created_at": "2024-08-28T15:51:04.530Z", "updated_at": "2024-08-28T15:51:01Z", "creator": "Richmond YEBOUET"}}, {"model": "administration.agence", "pk": 9, "fields": {"path": "img/agence_bouake_VwOBwQj.jpg", "titre": "Bureau Direct Bouaké", "situation": "Bureau Direct Bouaké", "contact": "Tél : +225 07 87 05 76 33", "localisation": "https://maps.app.goo.gl/XWR7SPo5snuzvgNB8", "zone": "INTERIEUR", "created_at": "2024-08-28T16:08:39.017Z", "updated_at": "2024-08-28T16:04:54Z", "creator": "KOUAKOU Ulrich"}}, {"model": "administration.agence", "pk": 10, "fields": {"path": "img/agence_yamo_1.jpg", "titre": "Bureau Direct Yamoussoukro", "situation": "Gare d'attiegouakro", "contact": "Tèl : +225 07 59 79 34 35", "localisation": "https://maps.app.goo.gl/BhfW7bY8ebKxQuU46", "zone": "INTERIEUR", "created_at": "2024-08-28T17:01:11.413Z", "updated_at": "2024-08-28T17:01:07Z", "creator": "KOUAKOU Ulrich"}}, {"model": "administration.agence", "pk": 11, "fields": {"path": "img/blog-1_hxNIYPE.jpg", "titre": "Bureau Direct Takaful Korhogo", "situation": "Korhogo", "contact": "Tél : +225 07 11 25 28 79", "localisation": "http://127.0.0.1:8000/agences/", "zone": "INTERIEUR", "created_at": "2024-08-28T17:56:48.029Z", "updated_at": "2024-08-28T17:18:36Z", "creator": "Richmond YEBOUET"}}, {"model": "administration.agentgeneral", "pk": 2, "fields": {"designation": "PKF ASSURANCES", "localite": "ABIDJAN", "contact": "+225 07 07 05 20", "created_at": "2024-08-28T18:00:10.646Z", "updated_at": "2024-08-28T17:59:34Z", "creator": "Richmond YEBOUET"}}, {"model": "administration.agentgeneral", "pk": 3, "fields": {"designation": "Groupe KOUHON", "localite": "Riviera, Cocody", "contact": "+225 07 49 53 55 23", "created_at": "2024-08-28T18:10:42.652Z", "updated_at": "2024-08-28T18:10:39Z", "creator": "KOUAKOU Ulrich"}}, {"model": "administration.agentgeneral", "pk": 4, "fields": {"designation": "KVS", "localite": "Marcory Zone 4C", "contact": "+225 00 00 00 00 00", "created_at": "2024-08-28T18:12:28.966Z", "updated_at": "2024-08-28T18:12:24Z", "creator": "KOUAKOU Ulrich"}}, {"model": "administration.temoignage", "pk": 1, "fields": {"contenu": "La meilleure depuis des années, je suis en partenariat avec eux, ils sont aussi à Abidjan sud Bietry en face de l'église catholique Notre Dame d'Afrique", "name": "Christ Alim", "localisation": "Abidjan, Côte d'Ivoire", "date_publication": "2025-08-20"}}, {"model": "administration.temoignage", "pk": 2, "fields": {"contenu": "Je viens de prendre mon assurance à l’instant très rapide et fiable", "name": "Igor Passport", "localisation": "Abidjan, Côte d'Ivoire", "date_publication": "2025-08-20"}}, {"model": "administration.temoignage", "pk": 3, "fields": {"contenu": "Wahou quelle innovation pour joker bailleur, vous êtes les meilleurs", "name": "Sidiki Guikas Kouyate", "localisation": "Abidjan, Côte d'Ivoire", "date_publication": "2025-08-20"}}, {"model": "administration.temoignage", "pk": 4, "fields": {"contenu": "Je dis un grand merci à Saar Assurance Vie. Car toutes mes préoccupations ont été résolu en un temps record. Mille et une fois merci pour votre réception", "name": "Lea Monet", "localisation": "Abidjan, Côte d'Ivoire", "date_publication": "2025-08-20"}}]